date,open,high,low,close,volume
1/3/2012,108.48,109.95,105.11,105.94,1906700
1/4/2012,102.15,105.05,99.6,104.32,2644600
1/5/2012,104.02,105.38,102.75,105.23,1259100
1/6/2012,106.43,107.12,105.25,106.72,1370100
1/9/2012,107.6,112.26,107.6,110.49,2422400
1/10/2012,111.99,112.85,108.411,109.61,1658100
1/11/2012,109.91,111.85,109.65,110.72,1427900
1/12/2012,110.92,111.75,108.03,110.81,1358100
1/13/2012,109.69,110.06,106.01,106.78,1852700
1/17/2012,108.76,108.76,105.45,106.31,1286600
1/18/2012,106.61,109.24,106.19,108.46,2646000
1/19/2012,118.47,122.63,116.49,120,7044500
1/20/2012,119,121.5,118.6001,120.27,1955200
1/23/2012,120.1,122.2281,119.62,121.02,1711400
1/24/2012,120.65,124.29,119.94,123.1,1784500
1/25/2012,123.4,123.5,121.14,122.48,1031000
1/26/2012,123.45,124.02,119.85,120.82,1705200
1/27/2012,117.0001,120.6,116.84,120.16,2185000
1/30/2012,119,121,117.75,120.1,1067000
1/31/2012,121.18,121.2,119.12,119.74,1033900
2/1/2012,121.17,123.45,119.5,122.42,1564200
2/2/2012,121.75,122.82,120.05,120.52,1867500
2/3/2012,121.9,125,121.576,124.77,1919800
2/6/2012,124.76,125,123.55,125,1038200
2/7/2012,124.92,127.81,124.18,126.4,1540600
2/8/2012,127.06,127.37,124.35,125.4,1039700
2/9/2012,126,126,123.52,125.75,837700
2/10/2012,124.3,125.759,123.53,124.01,884600
2/13/2012,125.1599,125.94,123.5,125,909800
2/14/2012,124.86,125.89,124.02,125.78,957800
2/15/2012,126,129.66,126,126.72,1692600
2/16/2012,126.97,127.83,125.28,127.45,1091400
2/17/2012,127.41,127.98,124.59,124.92,1122100
2/21/2012,125.45,127.64,124.31,125.42,1029200
2/22/2012,125,126.79,123.565,126.58,1154800
2/23/2012,126.06,128.82,125.6,128.7,1073200
2/24/2012,129.98,130.27,126.96,127.48,984000
2/27/2012,126.63,129.27,125.61,128.29,905600
2/28/2012,128.51,128.67,125.71,127.02,781500
2/29/2012,127.5,128.25,124.79,124.96,884400
3/1/2012,125.74,127.6,125.03,127.33,1016200
3/2/2012,126.96,128.51,126.01,127.01,729700
3/5/2012,126.97,127.4,123.7,124.49,917400
3/6/2012,121.03,122.97,119.5,121.26,1479000
3/7/2012,122.5,125.57,122.5,124.75,1084400
3/8/2012,125.96,126.8,124.18,124.26,962000
3/9/2012,124.6,126.36,123.5,125.61,756200
3/12/2012,126.34,126.34,124.59,125.85,857400
3/13/2012,126.85,132.75,126.7,132.72,2206200
3/14/2012,133.21,133.6,130.82,131.86,1437300
3/15/2012,132,133.998,130.7,132.31,1132900
3/16/2012,132.1,133.06,130.99,131.91,921300
3/19/2012,132.64,135.84,132.15,132.73,1191200
3/20/2012,131.1,131.31,128.37,129.51,1633700
3/21/2012,130.2,132.4,129.37,131.36,1140900
3/22/2012,131.14,132.87,129.5,132.47,1085800
3/23/2012,132.38,132.5,130.47,132.13,710400
3/26/2012,133.75,135.57,133.01,134.8,971900
3/27/2012,134.94,135.93,134,134.11,878400
3/28/2012,133,135.28,132.31,134.05,912200
3/29/2012,132.81,135.15,132.2,134.86,860300
3/30/2012,135.67,136.46,132.64,134.96,1217000
4/2/2012,135.05,137.59,134.11,136.66,1065700
4/3/2012,136.78,139.46,136.64,138.06,1383100
4/4/2012,136.9,137.88,134.24,136.11,1286900
4/5/2012,135.33,136.11,133.42,135.93,903600
4/9/2012,132.56,133.81,131.19,132.88,1022700
4/10/2012,133,134.67,127.66,128.3,1766400
4/11/2012,122.9,125.16,120.01,122.65,3687600
4/12/2012,123.19,126.25,121.37,124.15,2056500
4/13/2012,124.38,124.73,121.77,122.12,1933600
4/16/2012,123.45,124.51,120.71,122.04,1787200
4/17/2012,123.44,124.99,122.93,123.75,1440000
4/18/2012,124.77,125.08,122.1501,124.21,2626900
4/19/2012,133.79,139.2,131.3022,133.98,6221700
4/20/2012,134.04,134.648,131.51,131.63,1875300
4/23/2012,130.24,131.88,128.5,130.85,1687000
4/24/2012,130.75,131.12,127.38,129.28,1366500
4/25/2012,129.7,130.85,127.07,130.72,1931900
4/26/2012,130.6,133.67,130.01,133.41,1367400
4/27/2012,133.43,136.94,132.66,136.11,1188600
4/30/2012,136.09,136.1,133.33,133.93,858700
5/1/2012,132.94,135.78,132.7,133.68,1081400
5/2/2012,131.46,136.69,131.22,136.26,1641000
5/3/2012,136,138.67,135.39,136.23,1633000
5/4/2012,135.04,135.82,130.78,131.9,1300600
5/7/2012,131,133.4,130.71,131.61,973000
5/8/2012,130.19,130.7,125.02,128.87,1521400
5/9/2012,127.41,130.5,125.6,129.39,1422900
5/10/2012,129.09,129.2,123.27,124.08,2575300
5/11/2012,123,127.47,122.35,125.91,1995500
5/14/2012,124.29,126.27,123.2,125.53,1044800
5/15/2012,125.81,126.58,123.29,123.88,1391100
5/16/2012,124.9,124.9,118.09,118.26,2237400
5/17/2012,118.35,119.19,116.32,116.47,1804400
5/18/2012,116.65,116.99,112.34,112.712,1944900
5/21/2012,112.04,117.88,111.3,117.43,1668500
5/22/2012,117.39,118.41,115.46,116.54,1296700
5/23/2012,115.2,118.3,113.92,117.84,1467000
5/24/2012,116.12,116.8,106.7915,108.56,5128400
5/25/2012,108.7,110.75,107.902,109.04,1789100
5/29/2012,110.06,110.68,107.31,108.44,1957700
5/30/2012,107.24,108.09,105.15,107.54,1974500
5/31/2012,103.74,103.95,99.47,103.48,5070800
6/1/2012,100,101.88,96.95,97.31,2682000
6/4/2012,98.24,98.45,95.66,97.51,1832000
6/5/2012,96.77,101.2,96.4518,100.89,2030600
6/6/2012,101.52,103.78,100.65,103.27,1790000
6/7/2012,105.18,107.19,101.3,101.55,3123300
6/8/2012,101.28,102.64,99.75,102.4,1522500
6/11/2012,104.1,104.97,99.83,100.12,1545500
6/12/2012,101.2,102.17,99.42,101.56,1491100
6/13/2012,101.43,102.47,100.32,101.1,973900
6/14/2012,101.27,101.57,99.25,100.51,1006200
6/15/2012,101.17,102.97,100.07,102.16,1620000
6/18/2012,101.35,103.22,99.13,102.71,1313500
6/19/2012,101.85,103.35,99.95,100.39,1994400
6/20/2012,100.39,102.11,99.53,101.25,1499100
6/21/2012,100.84,101.12,95.25,95.49,2244800
6/22/2012,96.45,99.6,96.12,99.3,1701800
6/25/2012,97.63,97.78,95.5,95.97,1641100
6/26/2012,96.51,97.21,95.09,95.77,1303000
6/27/2012,96.7,98.07,96.57,97.8,1361500
6/28/2012,96.63,99.4,92.09,93.36,2454900
6/29/2012,96.58,99.65,96.41,99.56,2149500
7/2/2012,98.45,99.51,96.69,98.01,1787000
7/3/2012,98.26,101.88,98.07,100.64,907300
7/5/2012,100.49,102.56,99.01,101.44,1402100
7/6/2012,97.21,97.66,93.04,94.49,3354800
7/9/2012,93.85,94.3,92.2018,92.62,1917600
7/10/2012,93.85,94.99,90.82,91.36,2003000
7/11/2012,91.44,94.14,90.96,92.46,2319000
7/12/2012,91.13,94.04,88.37,93.47,2792500
7/13/2012,93.51,94.35,90.27,91.39,1955100
7/16/2012,90.99,93.23,90.51,92.11,2041100
7/17/2012,92.4,92.95,89.35,91.76,1846900
7/18/2012,93.26,99.54,93.26,98.59,4797500
7/19/2012,94.94,103.13,93.2,102.75,6537500
7/20/2012,101.23,102.05,95.94,96.1,3695000
7/23/2012,93.49,94.59,90.55,93.59,2611700
7/24/2012,93.1,93.27,88.3,89.44,3214500
7/25/2012,90.64,92.89,89.79,91.98,2574100
7/26/2012,93.92,96.76,93.11,94.55,2082700
7/27/2012,95.42,98.45,93.85,97.75,2091300
7/30/2012,97.7,98.5,94.71,95.28,1338200
7/31/2012,94.75,95.32,92.73,93.38,1611100
8/1/2012,94.44,94.47,92.9,93.91,1300900
8/2/2012,92,93.9288,90.285,90.53,2055900
8/3/2012,92.83,93.8,91.9,92.78,1463900
8/6/2012,93.68,97.8797,92.81,97.13,1771200
8/7/2012,97.85,103.87,97.6768,101.62,2081700
8/8/2012,100.79,102.69,100.52,101.1,1156100
8/9/2012,101.66,103.9,101.52,103.21,1043900
8/10/2012,102.5,103.37,101.43,102.23,1103400
8/13/2012,101.89,102.075,99.79,100.72,925200
8/14/2012,101,101.28,96.8,96.99,1812600
8/15/2012,97.62,99.74,97,99.29,1550300
8/16/2012,100,104.5,99.89,104.05,2021500
8/17/2012,104.37,104.875,102.4,103.56,1400500
8/20/2012,103.19,103.77,101.03,101.68,1009000
8/21/2012,102.44,103.366,101.0775,102.31,1291700
8/22/2012,101,101,98.71,100.23,1321600
8/23/2012,99.71,100.98,98.26,99.02,1291900
8/24/2012,98.92,99.49,98.1201,98.65,1370300
8/27/2012,99.48,100.93,98.05,100.49,1179600
8/28/2012,100.21,101.77,99.73,100.83,1208700
8/29/2012,101,102.63,100.53,102.09,1396000
8/30/2012,101.04,101.08,97.34,97.39,1854700
8/31/2012,98.76,99,95.91,97.49,1650000
9/4/2012,97.27,97.48,93.6201,94.47,2204400
9/5/2012,94.3,95.77,93.77,94.49,1344500
9/6/2012,95.21,99.36,95.14,99.05,1767700
9/7/2012,99.05,102,98.7,100.27,1654200
9/10/2012,99.84,100.438,96.45,96.63,1778000
9/11/2012,96.53,96.84,94.52,95.31,2467400
9/12/2012,95.82,97.8,95.74,96.97,1634900
9/13/2012,97.39,101.1885,97.1,100.39,1755300
9/14/2012,101.05,103.96,101.01,103.67,2245500
9/17/2012,103.35,105.95,102.41,104.46,2246200
9/18/2012,106.71,111.58,106.64,108.62,3794000
9/19/2012,109.38,110.93,108.11,110.57,2205600
9/20/2012,109.89,110.27,108.1501,109.36,1520700
9/21/2012,110,110.95,107.46,107.88,1693500
9/24/2012,106.43,109.21,105.19,109.03,1488100
9/25/2012,109.78,111,106.72,107.06,1436900
9/26/2012,107.25,107.38,103.76,105.08,1256600
9/27/2012,106,107.63,105.25,106.495,1452900
9/28/2012,106.41,107.26,104.21,104.64,1923500
10/1/2012,105.72,106.6,104.01,104.69,982700
10/2/2012,105.5,107.02,104.49,106.97,1359000
10/3/2012,107.22,108.37,106.22,107,1607700
10/4/2012,106.81,107.75,105.15,107.43,1425800
10/5/2012,105.54,107.08,102.82,103.43,2234800
10/8/2012,102.78,106.98,102.03,103.88,1496500
10/9/2012,103.52,103.75,100.5,102.08,1644600
10/10/2012,101.56,101.59,98.25,98.77,2515400
10/11/2012,100.29,101.47,97.8,98.79,1962000
10/12/2012,99.05,99.98,97.05,97.273,1234600
10/15/2012,97.71,98.39,96.4,98.31,1221600
10/16/2012,99,101.27,98.625,101.1918,1774200
10/17/2012,98.75,99.69,97.07,97.33,2153700
10/18/2012,97.71,98.25,96.13,97.05,1691300
10/19/2012,98.58,99.42,95.78,95.84,1756800
10/22/2012,96.24,97.71,95.08,95.97,1087500
10/23/2012,94.77,96.72,93.65,95.54,1212200
10/24/2012,97.94,97.94,93.02,93.3247,4276400
10/25/2012,82.8,83.95,81.07,83,8454400
10/26/2012,83.5,84.44,81.52,81.78,2756500
10/31/2012,82,83.13,81.61,82.59,1990500
11/1/2012,82.32,86.86,82.03,86.1,3200100
11/2/2012,85.28,86.18,82.16,82.59,2729200
11/5/2012,82.09,85.38,81.57,85.13,1747200
11/6/2012,85.56,88.15,85.28,87.67,2459300
11/7/2012,87.24,90.41,86.9,88.35,3316000
11/8/2012,88.74,89.78,86.5,86.76,1872000
11/9/2012,86.8,89.14,86.42,87.93,1763600
11/12/2012,88.15,88.57,85.17,86.14,1807700
11/13/2012,88.17,89.87,86.49,86.54,2395000
11/14/2012,88.2,90.82,86.98,87.5,3320500
11/15/2012,88.02,88.5,84.71,87.71,3147100
11/16/2012,88.11,88.42,85.21,86.6381,2098900
11/19/2012,88.16,88.64,86.58,88.08,1562600
11/20/2012,88.322,88.322,86.62,87.476,1585000
11/21/2012,87.63,90.2,87.5101,90.05,1216000
11/23/2012,89.97,92.44,89.97,92.16,902400
11/26/2012,91.69,92.65,91.3601,92.61,1112900
11/27/2012,92.03,93.441,91.75,91.83,1132700
11/28/2012,91.02,92.46,90.04,92.37,1043100
11/29/2012,93.24,94.566,92.82,93.97,1297600
11/30/2012,94.12,95.2,93.0001,93.68,1441000
12/3/2012,94.18,95.36,93.52,93.94,1005600
12/4/2012,94.27,94.45,92.56,92.98,1568800
12/5/2012,92.73,93.68,91.5,92.96,1345200
12/6/2012,92.55,93.5,91.19,92.5192,1648200
12/7/2012,92.91,93.13,90.92,92.37,999600
12/10/2012,92.27,94.84,92.07,93.77,1007700
12/11/2012,94.41,95.45,94.236,94.92,1171600
12/12/2012,95.27,96.12,93.8,94.2,1234300
12/13/2012,93.95,93.95,91.48,93.73,1976400
12/14/2012,93.55,93.76,89.61,90.4097,2591400
12/17/2012,90.7,92.66,90,92.6,1023100
12/18/2012,93.08,97.415,93,97.29,1821500
12/19/2012,97.03,98.45,96.12,96.44,1141900
12/20/2012,96.71,97.64,95.5,97.33,1038800
12/21/2012,95.83,98.51,94.76,97.46,2026200
12/24/2012,97.17,97.4999,95.23,96.19,465500
12/26/2012,96.25,99.389,96.034,97.35,736400
12/27/2012,97.41,97.6,94.91,97.13,1152000
12/28/2012,96.17,97.01,95.385,96.14,609600
12/31/2012,96.13,97.52,95.45,97.15,1320200
1/2/2013,100.03,101.89,99.58,101.11,1278900
1/3/2013,100.43,101.03,96.92,97.25,1941800
1/4/2013,97.74,99.36,96.77,97.53,1643300
1/7/2013,97.77,97.9,95.6,96.2357,1319000
1/8/2013,96.24,96.95,93.2,95.01,1339100
1/9/2013,95.14,95.98,94.47,95.66,777500
1/10/2013,96.33,97.13,94.89,95.71,1002100
1/11/2013,96.5,99.38,96.33,97.89,1797600
1/14/2013,97.73,98.92,96.93,97.19,1091000
1/15/2013,96.49,98,95.38,97.44,999900
1/16/2013,97.44,98.15,96.52,97.32,776700
1/17/2013,97.79,99.05,97.65,98.52,837300
1/18/2013,98.18,98.55,96.84,96.89,1389600
1/22/2013,95.01,96.99,94.02,96.69,2242000
1/23/2013,97.33,99.05,96.07,98.81,3721200
1/24/2013,103,107.37,102.052,103.22,4664900
1/25/2013,103.54,106.17,103.54,105.43,1804200
1/28/2013,105.69,106.87,105.01,105.66,1203700
1/29/2013,103.57,105.12,101.4,104.81,1680300
1/30/2013,104.85,105.7,103.98,104.95,1437900
1/31/2013,105.79,106.24,103.55,104.88,1460400
2/1/2013,106.35,107.1,104.34,105.96,1847700
2/4/2013,105.48,107.82,104.65,105.7,1710000
2/5/2013,106.2,107.17,106.1464,106.25,752200
2/6/2013,105.75,107.745,105.68,107.66,1120900
2/7/2013,107.54,107.99,104.13,105,1763800
2/8/2013,105.16,106.66,104.54,105.25,1049700
2/11/2013,104.52,105.89,103.31,103.52,896000
2/12/2013,103.29,103.74,101.88,102.15,1136800
2/13/2013,102.26,103.6,100.38,102.28,1201900
2/14/2013,101.83,102.03,100.31,100.89,1422100
2/15/2013,100.81,101.76,100.37,101.72,1391400
2/19/2013,101.77,103.84,101.5091,103.62,976700
2/20/2013,103.75,105.3,102.18,102.2,2167200
2/21/2013,102.12,102.47,99.276,100.73,1093400
2/22/2013,101.36,102,99.79,101.06,903200
2/25/2013,99.15,99.5,93.79,93.9,3770100
2/26/2013,94.16,96.65,93.66,94.64,1887800
2/27/2013,94.68,94.89,92.87,93.04,1807900
2/28/2013,92.69,95.13,92.01,94.43,1971500
3/1/2013,94.22,94.46,92.8,93.58,1261900
3/4/2013,93.07,93.56,92.18,92.65,1495500
3/5/2013,93.27,93.94,92.57,93.43,1597200
3/6/2013,94.02,94.4,92.71,93.11,869400
3/7/2013,94.03,95.67,93.08,94.23,1315500
3/8/2013,94.68,95.4,93.79,94.01,1713800
3/11/2013,93.9,94.87,93.4019,94.74,1049300
3/12/2013,94.43,95.2172,92.85,93.46,1145300
3/13/2013,93.55,95,92.12,92.79,1262600
3/14/2013,93,93.095,91.07,91.31,2155000
3/15/2013,91.14,92.54,90.65,90.91,1867000
3/18/2013,89.53,90.44,87.97,90.24,1709200
3/19/2013,90.34,90.3625,88.1,89.7,1261300
3/20/2013,90.63,91.1,89.89,90.95,1056600
3/21/2013,90,91.2,88.66,89.03,1003300
3/22/2013,89.11,89.7,86.33,87.01,1803400
3/25/2013,87.44,88.15,86.97,87.48,1219300
3/26/2013,87.84,88,87.03,87.57,807100
3/27/2013,88.45,89.05,87.51,88.72,1427300
3/28/2013,88.43,89.807,87.83,89.08,1130300
4/1/2013,88.84,89.39,87.61,87.91,861700
4/2/2013,89.88,90,88.92,89.83,1542900
4/3/2013,90.75,92.57,89.88,90.52,1931300
4/4/2013,90.11,91,89.69,90.42,2179800
4/5/2013,73.33,75.79,71.95,73.21,12459200
4/8/2013,73.37,73.4,71.65,72.77,3425600
4/9/2013,72.75,73.43,72.07,72.45,2672300
4/10/2013,72.93,73.79,72.12,73.4,1959100
4/11/2013,73.38,76.76,72.96,75.9,2503200
4/12/2013,75.61,75.845,73.86,74.98,1418500
4/15/2013,74.57,75.13,72.8,73,1409300
4/16/2013,73.44,74.56,73.09,73.94,1263300
4/17/2013,73.45,74.64,72.98,73.49,1407700
4/18/2013,73.74,74.18,72.2,72.54,1068800
4/19/2013,72.47,72.48,71.145,71.38,1434800
4/22/2013,71.73,71.99,70.6,71.43,1311300
4/23/2013,71.71,72.98,71.71,72.33,1214900
4/24/2013,72.2,72.74,71.21,72.35,1747100
4/25/2013,76.68,81.3,74.31,74.89,5904700
4/26/2013,73.74,75.2,73.23,74.2,1626600
4/29/2013,74.27,77.03,73.65,75.96,1840400
4/30/2013,75.31,77.25,74.281,76.43,1676000
5/1/2013,76.1,76.32,73.77,74.12,1903000
5/2/2013,73.31,76.12,73,74.5,1938500
5/3/2013,75.65,76.04,75.045,75.37,1074300
5/6/2013,75.5,77.55,75.1,77.52,1364500
5/7/2013,78.22,79,76.71,76.96,1434300
5/8/2013,76.64,78.71,76.57,78.7,1647200
5/9/2013,78.78,79.87,78.22,79.17,1855600
5/10/2013,79.39,80.03,79.16,79.99,1279900
5/13/2013,80.24,80.4099,78.22,78.34,1922200
5/14/2013,78.5,79.13,77.52,78.86,1193000
5/15/2013,78.6,80.08,77.6,79.91,1793700
5/16/2013,82.57,86.219,82.005,82.6,2719500
5/17/2013,82.55,83.18,81.725,82.63,1310200
5/20/2013,82.18,83.55,81.4,82.88,1081400
5/21/2013,83.21,83.48,82.498,82.66,1169300
5/22/2013,83.09,84.5,81.65,82.02,1540700
5/23/2013,81.19,81.59,80.134,81.22,964100
5/24/2013,80.72,81.78,80.08,81.56,802700
5/28/2013,82.51,83.72,82.5,83.67,1229500
5/29/2013,83.31,83.725,82.37,83.29,1407300
5/30/2013,83.14,84.69,83.04,84.12,1250200
5/31/2013,83.64,84.3255,82.9001,83.21,1217300
6/3/2013,80.6,80.95,77.22,79.16,2903800
6/4/2013,79.31,80,76.74,77.32,1551700
6/5/2013,77.25,78.18,75.755,76.83,1685300
6/6/2013,78.12,79.05,77.47,79,1600000
6/7/2013,79.18,79.2,77.11,78.07,1385400
6/10/2013,78.18,78.61,76.67,77.47,1338300
6/11/2013,76.57,77.82,75.25,75.34,1244200
6/12/2013,75.92,76.07,73.67,74.1,1337300
6/13/2013,73.86,75.27,73.42,74.97,2132500
6/14/2013,74.92,75.4599,73.66,73.99,1186000
6/17/2013,74.6,75.31,74.05,74.53,1181000
6/18/2013,74.51,76.74,74.51,76.06,1095800
6/19/2013,76.33,76.62,74.4,74.45,970000
6/20/2013,73.95,74.1199,72.03,72.32,1970200
6/21/2013,71.9,72.35,70.02,70.92,2831200
6/24/2013,70.23,70.32,67.53,68.02,2239700
6/25/2013,68.67,69.29,67.84,68.5,1596100
6/26/2013,69.22,69.22,68.17,68.58,1201400
6/27/2013,68.8,70.15,68.58,70.05,1397900
6/28/2013,71.12,71.22,68.69,68.8,2876200
7/1/2013,70,70.46,69.3,69.61,1886900
7/2/2013,69.7,69.97,68.69,68.94,2427900
7/3/2013,68.53,69.9,68.4,69.32,1347400
7/5/2013,69.78,69.905,68.775,69.19,1692900
7/8/2013,69.55,69.69,68.22,68.52,1692900
7/9/2013,68.99,69.71,68.48,69.36,2158600
7/10/2013,69.44,72.34,69.36,71.95,3667900
7/11/2013,74.6,76.18,74.49,76.09,3204400
7/12/2013,77.38,79.83,76.86,79.79,3133100
7/15/2013,79.68,81.95,79.24,81.41,2776300
7/16/2013,81.47,82,79.77,80.43,1783300
7/17/2013,80.76,81.38,80.43,80.9,1129900
7/18/2013,80.96,82.55,80.41,81.74,1295600
7/19/2013,81.35,81.79,79.95,80.29,1427000
7/22/2013,81.6,81.6,79.88,80.34,1030400
7/23/2013,80.61,80.78,79.6,79.91,1133500
7/24/2013,81.69,82.49,80.81,81.42,2835100
7/25/2013,87.97,92.79,87.26,87.29,7381400
7/26/2013,86.76,88.2,86.34,87.65,2077600
7/29/2013,87.29,87.8399,85.6163,86.8,1178600
7/30/2013,86.81,88.45,86.5711,87.89,1440800
7/31/2013,88,88.379,86.84,87.8,1514600
8/1/2013,88.26,89.19,87.39,89.04,2084400
8/2/2013,87.82,88.5,87.02,88.45,1251700
8/5/2013,87.99,89.22,87.655,88.73,1474000
8/6/2013,88.78,89.07,88.03,88.46,1455600
8/7/2013,88.42,89.58,87.6564,88.38,1535700
8/8/2013,88.8,91,88.64,90.22,1800000
8/9/2013,89.93,91.17,89.69,89.88,1771100
8/12/2013,91.93,94.33,91.53,92.7,2668900
8/13/2013,92.57,93.69,91.72,93,1147600
8/14/2013,92.39,93.65,92.25,92.5,906400
8/15/2013,90.37,90.39,87.63,89.23,2386400
8/16/2013,89.3,89.7199,87.46,87.49,1299700
8/19/2013,87.86,88.11,85.63,85.7,1333900
8/20/2013,85.82,87.02,85.39,86.81,1037100
8/21/2013,86.08,86.76,85.25,85.38,1254300
8/22/2013,86.17,88.09,85.77,87.69,1206400
8/23/2013,88.22,88.3,86.66,87.1,1047400
8/26/2013,86.86,87.395,85.67,85.86,843900
8/27/2013,84.24,84.89,82.6,82.84,1436700
8/28/2013,82.78,83.748,82.27,83.22,699800
8/29/2013,83.29,84.92,83.29,84.12,607700
8/30/2013,84.5,84.63,82.785,83.38,818700
9/3/2013,84.22,86.11,84.161,85.02,1502800
9/4/2013,85.1,86,84.11,85.4,1160200
9/5/2013,85.43,87.18,85.28,86.52,1408900
9/6/2013,86.75,87.82,85.74,86.88,1214600
9/9/2013,87.51,88.79,87.15,88.44,990200
9/10/2013,88.88,90.22,88.4,89.96,1428400
9/11/2013,89.23,93.2,89.15,92.02,2209200
9/12/2013,91.94,92.288,90.575,90.63,1491100
9/13/2013,91.02,92.04,90.4,92.01,1166900
9/16/2013,93,93.18,90.57,90.88,988100
9/17/2013,91.07,92.43,90.57,91.632,780800
9/18/2013,91.65,93.32,90.88,92.942,964600
9/19/2013,93.19,93.49,92.43,93.1,697500
9/20/2013,94.33,94.66,93.33,93.618,1674200
9/23/2013,93.59,93.77,89.13,89.17,1795300
9/24/2013,87.49,87.966,86.05,87.07,2232900
9/25/2013,86.97,88.35,86.04,87.99,1130400
9/26/2013,88.2,89.57,87.31,88.1,943500
9/27/2013,87.46,87.98,86.3709,86.8,715200
9/30/2013,86,86.87,85.31,85.808,964500
10/1/2013,86.1,89.1,85.58,88.97,1533000
10/2/2013,88.18,89.96,87.94,89.88,1095500
10/3/2013,89.96,91.14,87.65,88.45,1245100
10/4/2013,89.89,91.68,89.5,91.54,1408600
10/7/2013,90.86,93.25,90.5065,92.02,1592900
10/8/2013,91.99,92.73,88.7,88.79,1782300
10/9/2013,89.27,89.89,86.02,87.9,1472400
10/10/2013,87.73,89.4975,87.51,89.22,1529000
10/11/2013,88.77,91.1,88.32,90.5,1105700
10/14/2013,89.62,90.59,88.98,90.21,1081200
10/15/2013,89.9,90.37,87.51,87.55,2005300
10/16/2013,88.36,88.6,87.411,88.52,1322300
10/17/2013,87.5,88.06,85.87,85.922,2228300
10/18/2013,86.64,88.06,85.9249,87.81,1877500
10/21/2013,88.18,90.12,88.01,90.11,1687800
10/22/2013,91.23,91.71,89.53,90.65,2046500
10/23/2013,90.49,90.83,85.58,86.31,5614100
10/24/2013,88.04,91.68,84.2,85.152,6629900
10/25/2013,85.5,85.88,82.36,82.709,3222200
10/28/2013,82.55,84.86,82.52,84.28,2697800
10/29/2013,84.5,85.32,83.16,84.16,2091900
10/30/2013,84.64,84.7475,83,83.49,1326800
10/31/2013,83.33,83.5,81.07,81.535,2737600
11/1/2013,81.47,81.899,78.74,79.43,7302400
11/4/2013,79.73,80.47,78.14,79.55,2533200
11/5/2013,79.6,80.56,79.11,79.74,1962700
11/6/2013,80.34,81.42,79.8965,81.2,1594100
11/7/2013,81.11,81.79,80.12,80.39,1618500
11/8/2013,80.37,82.13,80.34,82.02,1911900
11/11/2013,82.23,83.18,81.33,82.86,1577600
11/12/2013,83.5,84.87,83.5,84.13,1981800
11/13/2013,83.85,85.31,83.81,84.64,2064400
11/14/2013,83.32,85.12,82.06,84.05,2406100
11/15/2013,84.23,85.49,83.93,84.62,1673500
11/18/2013,84.74,85.41,83.78,83.89,1654900
11/19/2013,83.71,83.9999,81.05,82.02,1785200
11/20/2013,82.29,83.32,81.39,81.56,906400
11/21/2013,82.07,83.18,81.6,82.912,918400
11/22/2013,83.2,83.43,81.67,82.94,1228800
11/25/2013,82.97,83.01,80.82,80.9,1401400
11/26/2013,81.22,82.69,80.76,81.84,2178000
11/27/2013,81.88,82.65,81.36,82.38,1276100
11/29/2013,82.56,82.6815,81.78,82.26,625400
12/2/2013,82.11,82.55,81.8,82.05,935300
12/3/2013,81.36,82.27,81.25,82.08,1289900
12/4/2013,81.58,83.25,81.53,82.81,2270700
12/5/2013,82.62,82.839,81.48,81.5,1586300
12/6/2013,82.56,84.04,81.2,83.59,1772300
12/9/2013,83.94,85.61,83.69,85.18,1581800
12/10/2013,84.81,85.31,84.49,84.72,1162500
12/11/2013,85.5,85.5,84.14,84.24,1955500
12/12/2013,83.92,84.43,81.71,81.99,1493800
12/13/2013,82.4,82.4716,81.22,81.47,982500
12/16/2013,82.42,84.17,81.79,83.44,1962000
12/17/2013,83.73,85.14,83.63,84.25,1701000
12/18/2013,83.95,84.26,82.53,84.11,1435300
12/19/2013,83.58,85.53,83.58,84.98,1367100
12/20/2013,85.82,88.5,85.152,88.1,3313700
12/23/2013,88.5,89.845,87.915,89.51,2078000
12/24/2013,89.5,89.95,89.33,89.44,533000
12/26/2013,89.5,89.85,89.1049,89.28,905800
12/27/2013,89.22,89.83,89,89.22,702100
12/30/2013,89.27,90.79,88.89,89.89,930200
12/31/2013,90.2,91.28,89.77,90.86,953100
1/2/2014,90.42,90.47,88.445,88.89,1039500
1/3/2014,89.08,89.29,87.82,88.03,1067300
1/6/2014,89.26,89.65,87.52,87.78,1797900
1/7/2014,88.12,90.26,87.7,89.64,1728300
1/8/2014,89.62,90.57,88.52,89.37,1663800
1/9/2014,89.74,89.74,87.47,88.06,1064600
1/10/2014,88.33,88.54,87.56,88.52,941000
1/13/2014,91.08,93.5,90.72,92.01,4484700
1/14/2014,92.22,94.98,91.9927,94.52,2215000
1/15/2014,95,98.17,94.71,97.5,2483800
1/16/2014,97.44,98.18,96.91,97.75,1152200
1/17/2014,97.51,97.75,96.4,96.92,1440700
1/21/2014,97.83,98.65,97.37,98.2,2166800
1/22/2014,98,98.87,97.16,97.48,2956000
1/23/2014,107.99,109,102.39,102.49,7226100
1/24/2014,102.17,106.12,101,104.91,4481600
1/27/2014,105.23,108.14,104.71,106.5,3837300
1/28/2014,106.23,110.42,106.06,109.74,3910100
1/29/2014,107.18,109.08,106.72,107.48,2955500
1/30/2014,108.25,110.8999,107.25,109.95,2248700
1/31/2014,109.69,109.69,106.5,107.02,2797100
2/3/2014,104.58,106.7,103.82,104.93,2649200
2/4/2014,105.26,107,104.64,106.47,2289400
2/5/2014,105.63,105.95,102.24,103.95,2231400
2/6/2014,104,106.76,103.99,106.07,1453100
2/7/2014,106.82,107.4,105.37,107.28,1626400
2/10/2014,107.5,110.65,107.43,109.5,1764600
2/11/2014,109.33,112.59,109.03,112.26,2553000
2/12/2014,112.5,114.25,111.07,111.55,2177000
2/13/2014,110.25,111.75,108.8,111.74,2374500
2/14/2014,111.84,112.41,111,111.91,1078100
2/18/2014,111.69,112.49,111.35,112.12,1057500
2/19/2014,112.23,112.59,109.43,109.65,1497100
2/20/2014,109.82,111.3,108.92,110.52,1074000
2/21/2014,112.5,112.99,109.7,110.28,1356900
2/24/2014,110.27,113.77,110.2101,111.91,1097900
2/25/2014,112.45,113,109.76,110.22,990700
2/26/2014,110.41,114.76,110.03,113.89,1719300
2/27/2014,113.36,114.86,112.56,114.51,1166000
2/28/2014,114.86,114.86,111.07,112.34,1749400
3/3/2014,110.3,111.59,108.54,111.18,1560200
3/4/2014,112.77,113.53,111.94,113.12,1019600
3/5/2014,113.33,115.54,112.5901,114.66,1406500
3/6/2014,114.24,115.1,112.25,114.77,1106600
3/7/2014,115.95,116.707,113.97,114.78,1733700
3/10/2014,113.92,114.92,111.5,111.97,1430700
3/11/2014,112.95,114.85,111.44,111.93,1545900
3/12/2014,111.31,112.23,110.78,111.62,1236100
3/13/2014,111.74,112.07,106.5,107.5,2488500
3/14/2014,107.53,109.13,107.05,107.47,1511100
3/17/2014,108.15,111.1,107.87,110.37,1567400
3/18/2014,110.24,111.54,109.84,110.78,891800
3/19/2014,111.49,114.84,111.07,113.46,1768100
3/20/2014,112.63,114.85,112.19,114.09,1092100
3/21/2014,115.19,115.19,112.19,112.83,1853900
3/24/2014,112.64,112.76,107,107.87,2103800
3/25/2014,108.75,111,107.19,108.83,1349500
3/26/2014,109.59,110,103.83,104.65,2003100
3/27/2014,104.33,108.09,103.14,106.31,1918700
3/28/2014,106.68,107.7401,104.03,105.14,1339700
3/31/2014,106.2,107.43,105.984,106.63,2051000
4/1/2014,107.05,110.83,107.05,109.66,1637700
4/2/2014,109.52,110.47,108.35,109.23,1170500
4/3/2014,109.15,109.23,106.41,106.97,1501400
4/4/2014,107.31,108.1,103.3,104.44,3244500
4/7/2014,104.13,106.74,103.69,105.35,1700500
4/8/2014,105.19,108.12,104.9,107.45,1662200
4/9/2014,107.58,109.92,106.92,109.749,1448100
4/10/2014,109.49,109.53,103.837,104.28,1713200
4/11/2014,103.39,105.39,102.51,103.01,1473400
4/14/2014,105.79,109.45,105.3304,107.05,2178700
4/15/2014,106.76,108.5,104.661,107.73,1519400
4/16/2014,108.39,109.43,106.35,108.31,880800
4/17/2014,108.31,108.7,106.46,108.4,1042700
4/21/2014,108.42,109.44,106.87,108.77,1128500
4/22/2014,108.86,110.358,107.8,109.22,850900
4/23/2014,109,109,106.51,108.19,1551100
4/24/2014,112.84,112.84,104.03,105.98,2950200
4/25/2014,105.33,105.88,102.89,103.52,1235300
4/28/2014,103.85,104.24,99.26,102.34,1803900
4/29/2014,102.97,105.74,102.08,105.27,1873100
4/30/2014,104.93,105.82,103.98,105.17,1651700
5/1/2014,104.65,107.33,104.29,106.7,1635000
5/2/2014,105.27,106.99,103.6,103.72,1753300
5/5/2014,103.1,104.24,102.74,103.83,1198300
5/6/2014,103.8,104.32,103.05,103.16,1102800
5/7/2014,103.01,103.31,99.95,100.91,1959300
5/8/2014,100.73,103.38,99.93,101.33,1108300
5/9/2014,101.42,102.82,99.96,102.71,1124700
5/12/2014,102.35,105.8475,101.65,105.44,1214800
5/13/2014,105.39,105.5,103.96,104.82,775300
5/14/2014,104.83,105.118,103.26,103.43,801200
5/15/2014,104.11,104.5,101.16,103.26,1241200
5/16/2014,102.85,103.0496,100.73,102.62,919500
5/19/2014,102.81,107.62,102.6,107.2201,1625200
5/20/2014,106.66,107.16,104.98,105.92,944100
5/21/2014,106,107.28,105.64,106.99,854900
5/22/2014,106.82,108.65,106.51,107.63,887500
5/23/2014,107.53,108.32,106.46,107.75,2093500
5/27/2014,108.17,109.97,107.65,109.68,980800
5/28/2014,109.86,110.75,108.17,108.49,1051900
5/29/2014,109.08,110.48,108.33,110.45,685100
5/30/2014,110.66,110.66,108.31,108.55,1041600
6/2/2014,108.93,109.77,107.7,109.57,848700
6/3/2014,108.37,110.5,108.215,110.07,811900
6/4/2014,109.5,111,108.73,108.98,1036700
6/5/2014,109.44,111.45,108.795,110.94,976000
6/6/2014,111.22,112.5,110.58,111.36,641200
6/9/2014,111.76,112.39,111.08,111.37,1001600
6/10/2014,111.55,112.83,111.09,112.59,780500
6/11/2014,111.96,113.39,111.85,112.37,529900
6/12/2014,112.19,112.64,111,111.54,618800
6/13/2014,111.63,112.54,111.04,112.3,599400
6/16/2014,111.76,113.8,111.746,113.36,787900
6/17/2014,112.99,114.14,112.81,113.56,484400
6/18/2014,113.18,113.72,110.85,112.54,1125000
6/19/2014,112.97,113.26,109.25,109.52,1488600
6/20/2014,109.09,109.36,108.165,108.81,1666700
6/23/2014,109.05,109.26,108.5,108.81,766900
6/24/2014,108.9,110.83,108.64,109.46,1207100
6/25/2014,108.94,109.83,108.37,108.89,749500
6/26/2014,109.1,109.53,106.57,107.16,1105200
6/27/2014,107.49,111.25,107.3301,111.11,2000500
6/30/2014,110.93,112.48,110.66,111.44,851800
7/1/2014,112,112.92,111.4501,112.186,646700
7/2/2014,111.95,112.71,111.16,111.51,631800
7/3/2014,111.79,112.63,111.59,112.36,295800
7/7/2014,111.36,114.58,111.29,112.24,820400
7/8/2014,111.94,112.22,108.2,109.16,1422000
7/9/2014,110,112.68,109.655,111.75,835100
7/10/2014,109.6,112.17,109.2,111.29,749600
7/11/2014,110.858,112.06,109.74,110.2,1241900
7/14/2014,109.49,112.81,109.211,109.84,1183400
7/15/2014,111.06,111.9,109.57,110.72,1661700
7/16/2014,111.57,111.98,109.43,109.69,979300
7/17/2014,109.27,111.18,109.09,109.42,795200
7/18/2014,109.81,110.78,109.314,110.19,872400
7/21/2014,110.09,110.52,108.8,109.2,925200
7/22/2014,109.92,112.65,109.21,112.12,928100
7/23/2014,110.51,112.03,110.31,110.81,1464600
7/24/2014,112.5,117.77,112.32,113.23,4458700
7/25/2014,113.08,113.37,112.18,112.41,980700
7/28/2014,112.17,114.135,108.0251,113.31,885700
7/29/2014,113.44,114.97,113.31,114.29,1072500
7/30/2014,114.94,116.11,114.575,115.67,1129200
7/31/2014,114.86,114.86,112.47,112.59,1365400
8/1/2014,109.0101,113.37,109.0101,112.2,1126600
8/4/2014,111.2,112.96,111.17,112.38,936700
8/5/2014,111.78,114.31,111.5,113.76,1048000
8/6/2014,114.2,115.18,113.02,114.03,808600
8/7/2014,114.5,114.5,112.34,112.48,738700
8/8/2014,112.29,114.73,111.01,114.33,826500
8/11/2014,114.9,117.74,114.8459,116.76,1537500
8/12/2014,116.8,116.93,113.09,113.66,1176500
8/13/2014,114.44,115.36,113.83,115.07,496600
8/14/2014,115.32,115.32,113.98,114.68,570000
8/15/2014,115.45,115.86,113.1,114.01,747200
8/18/2014,114.95,117.31,114.72,116.57,689100
8/19/2014,116.67,120.58,116.6,120.02,1562700
8/20/2014,121.45,123.25,119.62,122.57,2911800
8/21/2014,123.59,123.59,121.62,122.09,913800
8/22/2014,122.45,122.615,121.01,121.64,672300
8/25/2014,122.27,123,121.05,121.55,672600
8/26/2014,121.99,124.37,121.71,123.86,916500
8/27/2014,124.36,124.8,123.38,123.66,482600
8/28/2014,123.29,124.31,122.395,123.66,803300
8/29/2014,124.22,124.55,123.21,124.19,528500
9/2/2014,124.5,125.99,124.21,125.73,653900
9/3/2014,125.73,126.1,123.79,123.91,741200
9/4/2014,123.89,124.42,122.86,123,676700
9/5/2014,122.94,124.37,122.79,123.71,618300
9/8/2014,123.56,124.89,123.37,123.83,721400
9/9/2014,123.42,124.82,122.91,123.03,871700
9/10/2014,123.66,125.24,122.31,125.19,819300
9/11/2014,125.43,127.04,125.218,126.12,923400
9/12/2014,125.7,125.98,124.31,125.08,786300
9/15/2014,126.12,126.72,123.69,123.87,718800
9/16/2014,123.22,126.15,123.21,125.82,616600
9/17/2014,125.69,126.885,124.97,125.44,708100
9/18/2014,126.13,127.82,125.61,127.64,838600
9/19/2014,128.25,128.3,124.32,124.84,1544900
9/22/2014,124.24,124.72,121.62,122.2,876000
9/23/2014,121.58,122.09,120.47,120.52,1039800
9/24/2014,120.7,122.12,120.36,122.08,764353
9/25/2014,122.27,122.45,119.0601,119.71,563444
9/26/2014,120.08,121.51,120.08,121.04,574246
9/29/2014,118.38,119.59,117.6001,119.16,755420
9/30/2014,119.4,120.04,118.13,118.74,713890
10/1/2014,118.5,118.64,116.3,117.08,1036051
10/2/2014,117.02,119.21,116.49,118.71,745552
10/3/2014,121,123.55,120.78,122.65,1085668
10/6/2014,122.71,123.375,121.436,122.16,732031
10/7/2014,120.95,120.95,117.79,117.91,1033661
10/8/2014,117.76,119.33,114.53,119.03,1155615
10/9/2014,118.12,118.89,114.68,115.31,1489545
10/10/2014,113.47,113.55,106.86,107.11,2759614
10/13/2014,107.22,112.36,106.82,109.105,2041917
10/14/2014,112.76,112.76,108.29,109.82,1188642
10/15/2014,107.74,111.94,107.22,110.3,1138474
10/16/2014,108,110.08,107.5,109.74,924102
10/17/2014,111.25,114.5191,110.8,113.7,1091984
10/20/2014,113.02,113.31,110.75,112.88,1113160
10/21/2014,113.46,116.89,112.97,116.61,815356
10/22/2014,116.3,116.96,112.67,112.74,977873
10/23/2014,114.5,115.81,113.72,114.57,880797
10/24/2014,114.75,115.62,113.37,114.9,876150
10/27/2014,114.83,116.05,113.53,115.59,790146
10/28/2014,116.57,120.49,115.53,120.25,911743
10/29/2014,119.41,119.9576,115.68,117.12,2197567
10/30/2014,123,123.83,120.01,121.78,3487107
10/31/2014,123.89,124,122.01,122.98,1356826
11/3/2014,122,125.435,122,124.37,1313258
11/4/2014,124.88,126.65,124.4,125.64,1386368
11/5/2014,126.65,126.65,124.58,125.42,968188
11/6/2014,125.66,126.35,125.01,125.21,883822
11/7/2014,125.22,126.69,124.2,126.66,907134
11/10/2014,126.66,127.15,124.25,126.59,816225
11/11/2014,127.12,127.705,125.85,126.57,697561
11/12/2014,125.64,126.29,124.63,125.76,725610
11/13/2014,126.03,126.52,125.23,126.15,639612
11/14/2014,126.5,128.93,124.76,128.88,1315250
11/17/2014,128.83,128.83,126.49,127.86,911031
11/18/2014,127.92,128.85,127.51,127.84,622677
11/19/2014,128.11,128.15,126.08,126.39,644631
11/20/2014,126.41,127.99,124.6,127.97,904639
11/21/2014,129.49,129.7299,127.94,128.73,1158818
11/24/2014,129.13,130.34,128.47,130.21,664377
11/25/2014,130.3,130.86,129.17,130.17,852020
11/26/2014,130.21,130.64,128.65,129.09,763377
11/28/2014,129.45,130.5799,128.53,129.19,502081
12/1/2014,129.61,129.61,126.83,128.07,786552
12/2/2014,127.51,129.25,126.47,128.73,534342
12/3/2014,127.76,131.39,127.76,130.95,823423
12/4/2014,130.92,132.58,130.4828,132.31,721823
12/5/2014,132.31,133.26,131.69,133.26,670784
12/8/2014,133,133.23,130.54,131.29,766273
12/9/2014,130.37,132.36,128.58,132.21,622389
12/10/2014,132.25,133.7,130.47,130.71,789045
12/11/2014,131.7,133.7,131.7,132.38,658762
12/12/2014,130.91,131.96,130.07,130.545,796920
12/15/2014,130.77,131.27,128.411,130.26,953887
12/16/2014,130.62,131.5,128.18,128.27,682308
12/17/2014,128.5,130.39,127.48,129.95,620280
12/18/2014,132.56,132.85,130.78,132.84,596547
12/19/2014,133.4,135,132.18,132.75,3759413
12/22/2014,132.94,133.43,132.26,132.97,776638
12/23/2014,133.82,134.98,132.4255,133.94,525931
12/24/2014,133.96,136.11,133.76,135.11,273204
12/26/2014,135.69,135.98,133.46,133.66,355407
12/29/2014,133.32,134.48,132.8601,133.82,384260
12/30/2014,133.01,134.42,132.62,132.71,439605
12/31/2014,133.13,133.62,130.37,130.465,437608
1/2/2015,131.72,132.4,128.439,130.33,499664
1/5/2015,132.19,132.99,128.965,129.76,1355451
1/6/2015,128,129.47,126.69,126.73,960594
1/7/2015,127.55,129.43,127.26,128.35,666040
1/8/2015,129.8,131.07,128.73,129.65,1096842
1/9/2015,129.82,130.5474,128.31,129.89,721025
1/12/2015,130.45,130.45,127.38,127.92,665700
1/13/2015,128.67,132.22,127.49,128.67,850536
1/14/2015,125.06,126.05,122.11,125.6,1375211
1/15/2015,126.6,127.67,124.11,124.22,870722
1/16/2015,124.46,126.45,123.965,126.29,790916
1/20/2015,127.26,127.3,125.2,126.25,1019422
1/21/2015,126.75,127.67,125.12,125.95,3366825
1/22/2015,108.65,114.62,108.6,113.4,9268864
1/23/2015,113.15,115.3,112.5,114.85,2107075
1/26/2015,114.55,114.87,111.85,114.3,1497592
1/27/2015,112.7,114.63,112.05,113.19,1201324
1/28/2015,114.67,115.14,112.84,112.84,1895215
1/29/2015,112.57,114.49,111.62,113.98,1348680
1/30/2015,113.23,114.73,111.38,111.62,1074458
2/2/2015,110.29,112.9,110.1,112.61,1311060
2/3/2015,112.61,113.55,110.84,112.35,1004896
2/4/2015,112.18,112.62,109.72,110.1,1627125
2/5/2015,110.04,111.22,109.19,111.08,1352060
2/6/2015,111.24,112.8,110.5901,111.99,1087837
2/9/2015,111.78,112.49,110.35,110.45,831572
2/10/2015,111.2,113.31,110.53,112.86,1150869
2/11/2015,113.12,114.56,112.44,113.77,1100790
2/12/2015,114.71,115.78,114.04,115.27,1051189
2/13/2015,115.5,116.82,114.72,116.635,778532
2/17/2015,116.87,117.6,115.05,116.43,894613
2/18/2015,116.44,118.08,115.89,117.62,892082
2/19/2015,117.21,118.84,116.37,118.32,672298
2/20/2015,117.95,119.82,117.18,119.36,739819
2/23/2015,119.82,119.82,117.85,118.53,671340
2/24/2015,118.53,119.73,118,119.595,741854
2/25/2015,119.39,120.66,118.24,118.83,919693
2/26/2015,119.19,120.37,118.2,119.04,663356
2/27/2015,119.22,120.06,118.02,118.115,665638
3/2/2015,118.56,119.56,117.421,119.56,651486
3/3/2015,119.31,119.31,117.7,119.01,1052220
3/4/2015,119.28,119.55,118.5,119.24,761478
3/5/2015,119.73,119.97,118.98,119.22,843829
3/6/2015,118.8,119.68,117.62,117.96,1074792
3/9/2015,115.56,115.83,112.96,114.83,1841170
3/10/2015,113.9,114.225,112.29,112.29,1111037
3/11/2015,112.59,113.37,111.75,112.9,818505
3/12/2015,113.76,113.76,111.9,113.04,1014901
3/13/2015,113.24,113.24,111.42,112.36,1007486
3/16/2015,113.31,113.97,112.44,113.265,983794
3/17/2015,112.59,113.24,111.98,112.585,566284
3/18/2015,112.35,114.85,111.5427,114.27,853590
3/19/2015,114.8,116.16,114.5,114.56,1034857
3/20/2015,115.18,116.49,114.54,116.35,1587814
3/23/2015,116.69,116.88,115.26,115.42,897018
3/24/2015,115.7,116.05,114.37,115.02,1127395
3/25/2015,114.93,115.55,112.89,112.9,1246907
3/26/2015,112.07,112.92,111.07,112.23,830864
3/27/2015,112.72,114.2,112.01,113.87,700353
3/30/2015,114.13,115.385,113.22,115.26,714494
3/31/2015,114.88,115.46,114.11,114.94,759835
4/1/2015,114.61,114.86,113.5,114.31,892894
4/2/2015,114.21,114.75,113.41,113.71,699447
4/6/2015,113.01,113.41,111.33,111.74,1437076
4/7/2015,112.08,113.88,111.81,113.12,1108709
4/8/2015,112.93,114.41,112.58,113.43,1223449
4/9/2015,113.86,116.82,113.3,116.09,1244622
4/10/2015,114.89,116.01,113.52,113.82,1932792
4/13/2015,113.95,115.79,113.46,113.64,1100671
4/14/2015,113.44,114.55,113.24,113.34,901810
4/15/2015,113.82,117.57,113.47,117.11,1422456
4/16/2015,116.84,118.67,116.42,118.09,834946
4/17/2015,117.12,117.59,115.42,116.22,2991944
4/20/2015,116.97,117.67,115.83,117.43,1371476
4/21/2015,118.25,119.24,118.04,118.93,1113930
4/22/2015,119.43,120.528,118.56,120.42,1742310
4/23/2015,117.71,125.78,117.51,122.4,3332530
4/24/2015,123.92,123.92,120.49,123.18,1615860
4/27/2015,123.42,124.14,122.97,123.47,1041010
4/28/2015,123.37,126.18,122.5005,125.59,1296532
4/29/2015,125.47,125.85,123.22,123.75,1326553
4/30/2015,123.33,123.65,121.61,122.02,1062610
5/1/2015,122.28,123.9,121.81,123.37,845121
5/4/2015,121.8,124.62,121.6,124.41,863662
5/5/2015,123.74,123.98,121.52,121.96,811968
5/6/2015,122.77,123.37,121.28,122.98,889507
5/7/2015,123.36,124.89,122.01,124.43,783556
5/8/2015,125,126.5,124.7,126.05,752307
5/11/2015,126.21,126.6,125.33,126.28,887757
5/12/2015,125.42,125.54,124.11,125.03,640717
5/13/2015,124.98,126.72,124.83,126.24,849854
5/14/2015,127,127.68,125.96,127.6,791645
5/15/2015,127.84,128.08,126.87,127.79,580613
5/18/2015,127.14,127.7,125.53,127.35,671507
5/19/2015,127.76,127.99,126.58,126.93,579308
5/20/2015,127.13,127.39,126.42,126.96,622581
5/21/2015,126.77,127.375,126.26,126.9,622852
5/22/2015,126.65,127.12,126.2,126.77,388194
5/26/2015,126.92,126.92,124.79,126.08,804458
5/27/2015,126.53,126.53,125.16,125.96,897951
5/28/2015,126.13,126.965,125.56,126.83,854698
5/29/2015,126.45,126.77,125.06,125.69,1036790
6/1/2015,124.4,125.78,123.54,125.11,869062
6/2/2015,125.08,126.7,123.71,125.26,1238970
6/3/2015,124.88,126.76,124.55,126.25,816901
6/4/2015,125.63,126.81,124.43,124.58,1956360
6/5/2015,124.68,124.735,123.71,124.52,800799
6/8/2015,124.51,125.43,124.05,124.85,708224
6/9/2015,124.96,125.05,123.67,124.69,584059
6/10/2015,125.37,127.13,124.845,126.93,570199
6/11/2015,127.56,127.9,126.39,126.48,588905
6/12/2015,126.15,126.2,125.08,125.19,671550
6/15/2015,124.64,126,123.9,125.81,669652
6/16/2015,126.15,126.79,125.81,126.32,533552
6/17/2015,126.67,127.35,125.72,126.48,478027
6/18/2015,126.92,127.75,126.35,126.94,797370
6/19/2015,126.88,127.21,125.96,126.92,733870
6/22/2015,127.72,127.88,126.4,127.88,634399
6/23/2015,128,128,126.635,127.54,524471
6/24/2015,127.84,127.8495,125.79,126.04,509389
6/25/2015,126.11,127.44,125.65,126.55,669758
6/26/2015,126.69,126.69,122.77,123.57,1069293
6/29/2015,120.93,122.48,119.93,120.05,1103829
6/30/2015,118.58,121.6,118.56,120.35,673367
7/1/2015,121.08,121.255,119.65,120.26,726948
7/2/2015,120.65,121.15,119.7001,120.44,470416
7/6/2015,118.76,119,115.04,117.55,1794460
7/7/2015,118.42,118.9,116.38,118.32,777878
7/8/2015,117.57,119.08,117.47,117.84,1018436
7/9/2015,119.32,119.9775,115.33,115.35,1227059
7/10/2015,116.91,117.33,114.51,116.39,1015842
7/13/2015,116.71,117.28,116.1901,116.99,623479
7/14/2015,117.7,118.69,117.6001,118.25,835626
7/15/2015,118.5,118.79,117.65,117.85,825622
7/16/2015,118.13,119.01,117.015,117.93,569712
7/17/2015,117.9,117.97,115.54,116.28,725303
7/20/2015,116.62,117,115.88,116.26,719063
7/21/2015,116.1,118.6,116.1,118.27,835425
7/22/2015,117.31,119.6,116.855,118.5,1820941
7/23/2015,128.38,130.25,126.1,127.68,3245491
7/24/2015,128.01,129.05,127.33,127.49,1136943
7/27/2015,126.91,129.24,126.36,127.81,1190871
7/28/2015,128.68,132.2,127.35,131.52,1624502
7/29/2015,131.79,132.73,129.87,132.49,1194203
7/30/2015,132.25,134.57,131.508,134.31,1007839
7/31/2015,134.5,135.2,133.19,134.14,1270777
8/3/2015,130.99,132.74,130.14,131.2,1184786
8/4/2015,130.62,132.23,130.6,131.36,815747
8/5/2015,132.18,133.51,131.5,132.2,712769
8/6/2015,132.2,132.88,129.53,129.85,885367
8/7/2015,129.93,130.79,128.4,130.36,701510
8/10/2015,131.22,132.45,130.51,132.34,572048
8/11/2015,131.61,133.57,130.83,131.37,817841
8/12/2015,130.35,133.08,129.33,132.71,724011
8/13/2015,132.89,134.28,131.59,131.63,550775
8/14/2015,131.91,132.83,130.555,132.61,539052
8/17/2015,132.14,134.27,131.5,133.86,699386
8/18/2015,134,134.17,132.715,133,613408
8/19/2015,132.99,133.77,132.16,132.75,590695
8/20/2015,131.53,131.586,126.45,126.56,1233476
8/21/2015,125.61,126.82,122.5,122.51,1402452
8/24/2015,117.38,122,112.43,117.47,1907100
8/25/2015,120.42,123.8397,117.42,117.47,1197906
8/26/2015,120.61,122.64,118.3,122.45,1127460
8/27/2015,123.4,125.66,120.29,122.79,1144223
8/28/2015,122.15,123.68,120.63,122.97,759114
8/31/2015,121.73,123.28,121.35,121.41,636630
9/1/2015,118.76,121.09,117.96,118.39,1119402
9/2/2015,120.05,121.01,118.4,121,1218173
9/3/2015,121.25,122.42,120.79,121.24,738619
9/4/2015,119.58,120.68,118.47,118.84,582576
9/8/2015,120.66,121.76,119.8,121.71,481600
9/9/2015,122.77,123.22,119.61,119.89,502913
9/10/2015,119.74,120.97,118.81,119.74,727105
9/11/2015,119.24,119.45,117.035,118.17,1367465
9/14/2015,118.07,118.65,116.685,117.09,800245
9/15/2015,117.59,119.07,117.19,118.17,686010
9/16/2015,118.03,119.44,117.87,119.12,479841
9/17/2015,119.12,120.21,117.82,118.22,538861
9/18/2015,116.87,118.15,114.81,115.18,1367216
9/21/2015,115.61,117.369,114.7,115.81,739417
9/22/2015,113.05,113.6,111.4301,113.3,1107599
9/23/2015,112.81,114.43,112.15,113.9,686369
9/24/2015,113.24,116.35,111.99,115.87,1162478
9/25/2015,115.06,115.9599,113.872,114.77,1219858
9/28/2015,113.86,115.44,113.24,114.08,1026857
9/29/2015,114.5,115.28,113.62,115,928612
9/30/2015,115.89,117.49,114.49,115.8,820376
10/1/2015,115.97,117.45,115.23,116.97,926867
10/2/2015,115.38,120.01,115.2001,119.83,1134083
10/5/2015,120.65,123.25,120.65,122.94,921081
10/6/2015,117.03,119.67,116.02,117.96,1749556
10/7/2015,118.9,119.02,114.89,118.61,1349126
10/8/2015,118.18,119.84,115.0568,118.93,822834
10/9/2015,119.12,120.36,117.83,119.27,734247
10/12/2015,119.67,119.81,118.72,119.4,523117
10/13/2015,119.37,121.5,118.5,120.62,601446
10/14/2015,120.38,120.41,117.16,117.47,1125977
10/15/2015,117.89,118.7,116.42,116.63,1280632
10/16/2015,117.13,119,116.13,118.31,1009674
10/19/2015,118.52,119.3,116.7,118.51,746330
10/20/2015,117.49,120.09,117.34,119.98,1188946
10/21/2015,120.35,120.55,116.96,117.07,963819
10/22/2015,117.99,121.26,117.99,120.54,909308
10/23/2015,121.63,122,119.32,119.5,855154
10/26/2015,119.5,120.54,118.25,119.94,792005
10/27/2015,119.83,121.06,119.05,120.29,1144591
10/28/2015,120.79,121.75,118.64,121.34,1606105
10/29/2015,108.02,114.25,108,110.08,6291670
10/30/2015,110.43,111.1607,109.61,110.2,1464538
11/2/2015,109,110.68,108.24,110.65,2289206
11/3/2015,110.56,113.77,109.8,112.78,1975848
11/4/2015,112.76,113.8,110.77,111.01,925250
11/5/2015,111.05,111.72,109.01,109.6,1180958
11/6/2015,109.46,110.16,108.22,109.67,1401492
11/9/2015,109.26,109.8646,108.68,109.5,1059910
11/10/2015,109.34,109.6,106.8,107.38,1462107
11/11/2015,107.34,108.57,106.82,107.87,982531
11/12/2015,107.32,108.51,106.14,106.31,1138194
11/13/2015,102.88,102.88,100.32,101.97,2699914
11/16/2015,101.54,105.3,100.651,104.93,1401359
11/17/2015,104.86,105.57,103.8479,104.02,1445618
11/18/2015,105.02,105.5,103.39,104.13,1066692
11/19/2015,104.52,104.82,102.9,103.47,829955
11/20/2015,104.01,104.44,102.79,103.59,880082
11/23/2015,103.59,104.365,102.5,102.85,922055
11/24/2015,102.86,103.3,102.36,102.82,1008165
11/25/2015,102.79,103.32,102.17,102.79,496898
11/27/2015,103.33,103.555,102.61,103,465139
11/30/2015,103.11,103.77,102.89,103,1696866
12/1/2015,103.07,104.43,102.46,103.99,1300436
12/2/2015,105.03,105.65,104.29,104.82,1036080
12/3/2015,104.77,104.99,99.81,102.42,2635976
12/4/2015,103.04,105.5,102.63,104.61,2612695
12/7/2015,104.14,104.89,103.31,104.01,1087743
12/8/2015,103.59,103.9499,102.45,103.45,818653
12/9/2015,99.88,101.89,99.76,100.34,1547274
12/10/2015,100.14,100.52,98.85,99.06,1238508
12/11/2015,98.36,98.43,96.5,97.56,1192900
12/14/2015,97.35,97.54,95.6,96.31,1128655
12/15/2015,95,100.75,94.51,99.75,2104803
12/16/2015,100.38,100.55,99.015,100.5,1551728
12/17/2015,100.82,100.92,98.94,98.94,1000037
12/18/2015,98.33,98.53,97.42,97.63,1808394
12/21/2015,98.17,98.21,96.3163,97.39,545118
12/22/2015,97.3,97.6,96.56,97.44,944596
12/23/2015,98.06,98.72,97.22,97.69,667494
12/24/2015,97.62,98.41,97.35,97.44,238296
12/28/2015,97.35,97.6,96.49,97,562439
12/29/2015,97,97.63,96.84,97.55,1087978
12/30/2015,97.69,99.21,96.53,98.06,602686
12/31/2015,97.65,98.45,96.8,96.96,703011
1/4/2016,95.6,97.7,94.7204,96.93,1682924
1/5/2016,95.66,96.7,95.5,96.52,1157612
1/6/2016,95.42,96.42,94.63,95.02,1334377
1/7/2016,93.68,94.5,90.81,91.82,1790675
1/8/2016,93.11,93.71,91.23,92.13,1291304
1/11/2016,91.81,94.395,91.011,93.52,1829421
1/12/2016,93.19,93.74,91.45,92.61,1859335
1/13/2016,92.79,94.24,92.13,94,2270504
1/14/2016,93.08,96.21,91.992,94.16,2060497
1/15/2016,91.33,94.12,91,93.52,2255129
1/19/2016,94.51,95,92.3845,93.5,1790838
1/20/2016,92.01,92.445,88.745,90.02,3274946
1/21/2016,94.4995,94.4995,88.8,89.51,4007698
1/22/2016,90.37,93.92,90.25,93.77,1982827
1/25/2016,93.61,95.774,93.4,93.92,1914930
1/26/2016,94.28,96.577,94.18,96.41,1474377
1/27/2016,95.84,96.94,95.14,95.34,1721845
1/28/2016,95.98,95.98,92.49,92.5,2218703
1/29/2016,93.26,94.6,93.1833,93.78,1346823
2/1/2016,93.12,94.29,92.68,94.01,1037344
2/2/2016,91.56,93.3,90.81,90.93,1189649
2/3/2016,91.5,92.42,89.66,91.19,983402
2/4/2016,91.19,92.65,90.94,92.05,642121
2/5/2016,91.76,92.25,89.85,90.22,1137302
2/8/2016,89.79,89.79,87.11,88.18,1537413
2/9/2016,87.59,88.835,86.85,87.61,1043104
2/10/2016,88.6,89.27,87.32,87.55,799628
2/11/2016,86.79,87.6,86.026,86.96,1229727
2/12/2016,87.64,88.06,86.9,87.83,812319
2/16/2016,89,89.85,88.12,89.51,948659
2/17/2016,90.02,91.78,90.02,91.52,1360662
2/18/2016,92.19,92.77,91.22,91.87,822456
2/19/2016,91.7,92.84,91.11,92.67,683416
2/22/2016,93.22,94.93,92.95,94.57,782650
2/23/2016,93.62,94.9,93.02,93.53,955443
2/24/2016,92.83,94.42,91.35,94.3,864453
2/25/2016,94.37,95.96,92.5,95.95,811685
2/26/2016,96.3,97.72,96.3,97.12,823624
2/29/2016,96.98,97.43,96.02,96.17,750983
3/1/2016,96.73,98.75,96.29,98.66,788707
3/2/2016,98.27,100.5,97.91,100.14,1116042
3/3/2016,99.77,100.78,99.405,100.47,795365
3/4/2016,100.73,100.78,99.45,99.79,620323
3/7/2016,99.31,101.27,98.7601,100.87,957968
3/8/2016,100.51,100.82,99.25,99.77,504748
3/9/2016,100.25,100.95,99.37,99.79,478584
3/10/2016,100,100.32,97.35,98.46,722053
3/11/2016,99.64,100.82,98.55,100.66,412180
3/14/2016,99.97,100.41,97.6565,99.43,663846
3/15/2016,98.72,99.47,98.4105,99,726983
3/16/2016,98.5,100.31,98.27,99.78,449912
3/17/2016,99.58,101.31,99.58,100.93,477071
3/18/2016,101.09,102.42,100.04,102.31,858625
3/21/2016,102.13,103.3,102.0011,103.01,622102
3/22/2016,102.11,106.86,102.11,104.36,1401059
3/23/2016,104.35,104.54,102.7,102.99,641941
3/24/2016,102.5,103.35,101,103.14,781293
3/28/2016,103.49,103.79,102.58,103.4,605484
3/29/2016,103.39,105.07,102.43,104.68,680426
3/30/2016,105.16,106.86,104.87,105.47,660489
3/31/2016,105.26,106.05,104.91,105.85,630790
4/1/2016,104.94,105.76,104.3175,105.58,543388
4/4/2016,105.36,105.36,103.816,104.67,802378
4/5/2016,104.24,104.67,102.84,103.34,845510
4/6/2016,102.8,104.2,102.1801,103.89,741634
4/7/2016,100.17,100.485,97.12,97.72,1737919
4/8/2016,97.99,99.43,96.99,97.45,1345874
4/11/2016,98.08,99.78,97.28,97.28,709945
4/12/2016,95.73,95.8799,93.64,95.19,1410587
4/13/2016,96.09,97.52,95.55,97.15,1148100
4/14/2016,97.3,97.77,96.44,96.85,652772
4/15/2016,96.6,96.67,95.19,95.61,861426
4/18/2016,95.38,97.17,95.01,96.9,800300
4/19/2016,97.24,97.82,95.61,95.76,923261
4/20/2016,96.56,97.928,95.07,97.16,1940031
4/21/2016,100.89,103.16,99.28,102.54,2461310
4/22/2016,102.79,104.99,102.18,104.52,1672239
4/25/2016,103.93,105.51,103.66,105.31,1322337
4/26/2016,105.62,106.2,105,105.37,767411
4/27/2016,104.95,107.08,104.42,106.9,850864
4/28/2016,106.45,106.64,104,104.24,854767
4/29/2016,104.09,104.95,102.39,104.75,1152732
5/2/2016,103.12,104.24,103.01,103.65,963989
5/3/2016,102.93,103.03,100.828,100.96,793112
5/4/2016,100.23,101.715,100.23,100.95,710195
5/5/2016,101.3,101.85,100.41,100.58,608667
5/6/2016,100.5,101.27,99.29,100.64,685860
5/9/2016,100.81,102.24,100.025,101.86,695338
5/10/2016,102.21,104.41,101.87,104.34,1018459
5/11/2016,104.3,105.77,103.67,103.7,913815
5/12/2016,104.37,105.12,103.23,104.5,819681
5/13/2016,104.12,105.99,103.89,105.9,1388064
5/16/2016,105.6,107.46,105.49,107.33,1130577
5/17/2016,104.98,106.1,103.54,103.83,1313531
5/18/2016,103.78,106.28,103.64,105.62,1047280
5/19/2016,105.53,107.29,103.735,104.84,952276
5/20/2016,105,106.7425,105,106.64,962461
5/23/2016,106.72,107.415,106.264,106.65,712446
5/24/2016,107.09,108.98,106.83,108.64,746158
5/25/2016,109,109.93,108.97,109.65,699167
5/26/2016,109.52,109.89,108.69,109.01,722633
5/27/2016,108.24,110.04,108.16,108.81,862781
5/31/2016,109.09,110.28,108.15,110.2,1099396
6/1/2016,110.02,110.33,108.43,109.49,649171
6/2/2016,109.5,110.94,109.16,110.84,493634
6/3/2016,110.53,110.995,109.64,110.22,420781
6/6/2016,110.8,110.84,109.85,110.04,404009
6/7/2016,110.31,124.91,109.66,123.94,3469836
6/8/2016,120.27,123,119.1901,120.35,3262731
6/9/2016,120.25,120.91,119.16,119.68,831698
6/10/2016,118.66,119.85,118,119.41,1046381
6/13/2016,118.91,120.43,118.14,118.48,820038
6/14/2016,118.24,119.43,117.171,118.08,1019576
6/15/2016,118.53,119.6299,117.72,119.15,916005
6/16/2016,118.6,119.22,117.76,119.03,610263
6/17/2016,118.59,119.48,117.91,118.56,1224172
6/20/2016,119.93,120.55,119.175,119.25,655439
6/21/2016,119.34,119.69,118.33,119.29,514731
6/22/2016,119.71,119.958,118.46,118.61,405991
6/23/2016,119.12,121.48,118.78,121.44,630898
6/24/2016,116.76,119,113.34,113.4,1107755
6/27/2016,112.65,112.92,107.19,108.64,1255482
6/28/2016,109.94,111.58,109.56,110.31,793860
6/29/2016,111.62,112.88,110.34,112.52,554410
6/30/2016,112.37,113.84,111.42,113.84,537866
7/1/2016,113.91,115.31,113.11,113.52,566403
7/5/2016,113.41,114.17,112.48,112.51,542896
7/6/2016,112.11,113.89,110.86,113.79,703232
7/7/2016,113.63,114.88,112.96,113.77,539993
7/8/2016,114.99,117.2,114.47,117.13,761820
7/11/2016,117.36,118.26,116.375,116.85,430545
7/12/2016,117.49,118.02,116.44,117.81,441645
7/13/2016,117.62,118.4999,116.36,116.36,543748
7/14/2016,117.24,117.24,115.75,116.25,534823
7/15/2016,116.5,116.54,114.87,116.37,775894
7/18/2016,116.36,117.24,115.43,115.82,589098
7/19/2016,115.87,122.34,115.02,120.6,2291439
7/20/2016,121.75,122.24,120,121.47,1386561
7/21/2016,121.89,124.76,121.21,121.86,1441682
7/22/2016,121.46,123.94,121.18,123.24,893013
7/25/2016,122.25,124.21,121.1,123.79,603620
7/26/2016,124.13,125.87,123.3,124.06,831865
7/27/2016,124.1,125.16,122.95,123.09,751096
7/28/2016,122.33,123.3525,120.46,123.05,1003711
7/29/2016,122.89,123.68,122.21,123.42,762217
8/1/2016,123.56,125.06,123.14,123.7,1095480
8/2/2016,122.32,123.79,122,122.91,855577
8/3/2016,122.48,123.98,122.2666,123.47,491330
8/4/2016,123.14,123.83,123.09,123.33,425991
8/5/2016,123.67,125.77,122.97,125.65,569916
8/8/2016,125.63,126.68,125.55,126.66,677626
8/9/2016,126.92,127.13,125.9,126.43,480921
8/10/2016,126.61,126.67,125.78,126.1,444349
8/11/2016,126.05,126.85,124.8,125.03,1033288
8/12/2016,125.11,125.75,124.75,124.8,607038
8/15/2016,124.71,125.66,123.8285,124.75,863656
8/16/2016,124.23,124.88,123.13,123.39,921432
8/17/2016,123.75,124.58,122.53,123.32,664011
8/18/2016,123.06,124.34,122.72,123.66,580856
8/19/2016,123.16,124.647,123.16,124.24,618410
8/22/2016,123.79,124.42,123.5128,123.98,534991
8/23/2016,124.8,125.36,124.58,124.91,408772
8/24/2016,125.14,125.15,124.11,124.39,330636
8/25/2016,124.09,125.01,123.55,124.38,245619
8/26/2016,124.38,125.31,123.49,124.04,334311
8/29/2016,124.22,125.49,123.61,124.81,392296
8/30/2016,124.79,125.77,124.09,124.36,417477
8/31/2016,123.93,124.06,121.33,122.73,642429
9/1/2016,122.42,123.76,122.33,123.64,538207
9/2/2016,123.97,124.44,122.89,123.89,291773
9/6/2016,124.23,124.81,121.59,124.43,433730
9/7/2016,123.55,124.78,120.11,120.42,959564
9/8/2016,120.25,120.84,119.01,119.7,823368
9/9/2016,119.21,119.96,118.02,118.05,892514
9/12/2016,117.84,118.92,117.1,118.76,675912
9/13/2016,117.87,118.3,115.631,116.84,950277
9/14/2016,119.06,119.44,117.45,117.94,820199
9/15/2016,117.77,119.65,117.02,119.02,568718
9/16/2016,118.39,119.5,117.56,118.55,761474
9/19/2016,118.94,120.11,118.5,118.91,406158
9/20/2016,119.08,119.99,118.44,118.45,399888
9/21/2016,118.58,119.88,118.48,119.34,358233
9/22/2016,120.14,121.43,119.45,121.25,541594
9/23/2016,121.56,122,120.24,120.49,314123
9/26/2016,120.15,121.22,119.23,119.45,239953
9/27/2016,119.02,123.15,118.27,122.86,852130
9/28/2016,123.08,124.53,121.83,124.03,717445
9/29/2016,124.01,124.675,123.37,123.4,447924
9/30/2016,123.88,125,123.55,124.64,438930
10/3/2016,124.16,124.8,123.91,124.38,400644
10/4/2016,124,125.47,123.96,124.74,559615
10/5/2016,124.69,125.97,124.315,125.5,448426
10/6/2016,125.15,125.49,124.41,124.94,387908
10/7/2016,124.86,124.87,123.45,124.14,276267
10/10/2016,124.94,125,123.17,123.23,362474
10/11/2016,123.22,123.3,121.22,121.81,874094
10/12/2016,119,119.29,117.74,117.8,1040262
10/13/2016,117.39,117.39,114.45,116.13,868681
10/14/2016,116.69,117.9899,116.2,116.74,491044
10/17/2016,116.79,117.28,116.14,116.4,318095
10/18/2016,117.28,118.55,116.66,117.56,537673
10/19/2016,117.34,120.4193,116.06,118.75,1162924
10/20/2016,118.72,119.1,117.43,118.09,594091
10/21/2016,117.64,119.33,116.88,118.07,902294
10/24/2016,118.95,119.86,118.04,118.76,656371
10/25/2016,118.46,119.35,116.5,117.22,633000
10/26/2016,117.22,120.74,117.22,119.54,856243
10/27/2016,129.9,133,127.5,130.99,5094395
10/28/2016,131.27,135.92,130.9,134.66,1857776
10/31/2016,134.92,138.55,134.32,138.21,1452197
11/1/2016,137.47,138.21,135.74,136.98,1544882
11/2/2016,135.55,137.27,134.01,135.32,1323182
11/3/2016,134.6,139.08,134.42,137.81,1610263
11/4/2016,137.65,137.94,135.7,135.73,1060202
11/7/2016,137.5,138.37,135.95,136.45,972409
11/8/2016,136.67,137.99,135.73,137.77,486644
11/9/2016,136.72,140.97,136,140.23,1074648
11/10/2016,140.42,141.83,138.24,139.85,1053960
11/11/2016,139.1,141.37,138.001,141.15,779579
11/14/2016,141.43,143.2,141.22,141.95,780362
11/15/2016,143.17,144,142.27,143.44,882895
11/16/2016,142.91,144,140.99,142.7,688980
11/17/2016,141.44,144.04,140.9,143.91,841172
11/18/2016,143.43,144.2809,141.32,142.01,859616
11/21/2016,142.61,143.94,141.85,143.77,782088
11/22/2016,143.99,144.06,142.61,143.75,617976
11/23/2016,144,144.11,142.78,143.9,424280
11/25/2016,143.66,144.14,142.86,144.12,238048
11/28/2016,143.35,144,142.47,142.61,385235
11/29/2016,142.9,143.93,142.57,142.81,336159
11/30/2016,141.96,142.85,139.5,140.75,800300
12/1/2016,141.12,141.95,138.48,139.36,901131
12/2/2016,138.79,139.335,136.97,138.99,595363
12/5/2016,139.58,140.95,138.48,140.33,667132
12/6/2016,141.31,141.895,139.59,140.86,454538
12/7/2016,140.43,141.25,138.55,141.16,758219
12/8/2016,141.72,144.32,141.54,142.83,569630
12/9/2016,142.65,143.155,141.6001,142.54,416468
12/12/2016,142.34,142.89,140.28,141.22,687475
12/13/2016,141.9,143.085,140.66,142.36,509797
12/14/2016,144.94,147.25,143.69,144.08,1156354
12/15/2016,144.65,146.64,143.43,145.54,675521
12/16/2016,144.93,145.38,143.76,144.64,1090293
12/19/2016,144.73,145.57,144.32,145.15,374133
12/20/2016,145.81,147.23,145.74,146.56,446651
12/21/2016,146.66,148.34,145.76,146.11,398998
12/22/2016,146.34,147.74,143.911,144.24,511134
12/23/2016,144.39,145.56,144.003,145.45,247692
12/27/2016,145.64,146.88,144.759,145.33,273835
12/28/2016,145.18,145.96,143.95,144.06,269938
12/29/2016,144.39,145.88,144.02,144.92,398196
12/30/2016,144.96,145.4999,144.09,144.72,366586
1/3/2017,145.65,145.87,143.76,144.8,521546
1/4/2017,144.91,146.72,144.29,145.46,459822
1/5/2017,145.13,146.98,143.92,144.42,500949
1/6/2017,144.29,145.37,143.88,144.45,461519
1/9/2017,144.01,144.29,142.07,144.15,814092
1/10/2017,144.63,145,143.98,144.24,523282
1/11/2017,144,144.99,143.5,144.03,465498
1/12/2017,143.82,144.67,141.8,142.99,425478
1/13/2017,143.56,144.68,142.74,143.37,451617
1/17/2017,142.87,143.5,140.75,141.63,718626
1/18/2017,141.5,143.23,141.45,142.84,659883
1/19/2017,143.17,144.1934,141.925,142.54,589449
1/20/2017,142.97,143.39,141.88,142.1,434368
1/23/2017,142.08,142.85,140.275,141.14,669711
1/24/2017,141.54,144.61,141.28,144.15,594677
1/25/2017,144.96,145.89,143.27,145.75,1222744
1/26/2017,139.3,139.87,132.58,133.72,2725193
1/27/2017,133.28,138.27,133.28,135.54,1342655
1/30/2017,135.06,135.58,133.75,134.69,838859
1/31/2017,132.6,135.49,132.51,134.03,985482
2/1/2017,134.07,134.09,131.54,132.34,1292752
2/2/2017,130.8,134.79,130.61,134.45,1159597
2/3/2017,134.4,136.52,134.4,136.23,969780
2/6/2017,135.54,136.99,135.01,136.68,959985
2/7/2017,137,138.59,136.78,138.57,782365
2/8/2017,138.13,139.49,137.86,138.88,734873
2/9/2017,139.14,140.69,139.14,139.73,714488
2/10/2017,140,140.25,139.01,139.69,574195
2/13/2017,140.09,141.88,139.45,140.47,1021827
2/14/2017,140.43,141.22,140.18,141.1,580652
2/15/2017,141.3,143.57,140.685,143.13,870111
2/16/2017,143.34,143.785,141.66,143.24,463348
2/17/2017,142.87,143.63,141.93,143.35,512244
2/21/2017,143.31,145.55,142.3,145.05,487289
2/22/2017,144.66,145.38,143.91,144.84,623503
2/23/2017,144.94,145.05,143.235,144.2,426212
2/24/2017,143.73,144.58,143.19,144.41,636340
2/27/2017,144.46,144.665,143.09,143.61,420531
2/28/2017,143.27,143.67,142.33,143.27,589674
3/1/2017,144.01,145.982,143.31,145.08,527538
3/2/2017,144.79,144.79,142.04,142.1,459340
3/3/2017,142.5,143.065,140.4,142.87,772557
3/6/2017,142.66,142.66,141.28,141.34,557132
3/7/2017,141.09,143.93,140.5,143.6,663145
3/8/2017,143.46,143.77,142.24,142.88,569450
3/9/2017,143.11,144.1,142.12,143.76,454269
3/10/2017,144.58,145.98,144,145.93,556531
3/13/2017,146,146.99,144.71,146.29,744148
3/14/2017,145.56,145.73,144.2,145.13,334809
3/15/2017,145.73,147.02,144.75,146.48,423170
3/16/2017,146.4,148,145.96,147.82,611112
3/17/2017,147.91,149.11,147.38,148.79,660992
3/20/2017,148.66,149.5,147.74,148.75,490672
3/21/2017,149.32,149.44,145.57,145.77,630397
3/22/2017,145.94,146.6,145.026,145.69,600222
3/23/2017,145.48,148.1995,145.05,146.55,662531
3/24/2017,146.96,148.19,145.57,146.57,389457
3/27/2017,145.64,147.09,144.16,146.52,617654
3/28/2017,146.5,147.54,145,147.13,397033
3/29/2017,141.19,143.5,140.63,142.1,1488742
3/30/2017,141.72,142.9,141.556,142.48,507910
3/31/2017,142.66,143.05,141.94,142.57,592317
4/3/2017,142.73,142.92,139.86,141.02,682617
4/4/2017,140.98,141.57,139.12,139.43,701320
4/5/2017,139.89,141.15,137.76,138.09,889302
4/6/2017,138.3,139.15,137.19,138.3,854788
4/7/2017,137.9,138.055,136.97,137.03,632929
4/10/2017,137.37,137.84,136.28,136.86,613689
4/11/2017,136.88,137.25,135.7,136.68,828304
4/12/2017,137.24,137.28,134.73,134.88,947725
4/13/2017,135.07,136.41,134.3,134.43,989587
4/17/2017,134.98,136.35,134.43,135.98,733934
4/18/2017,135.79,136.34,135.085,135.43,707441
4/19/2017,135.61,136.73,135.58,135.93,887512
4/20/2017,136.62,137.21,136.03,136.87,1227319
4/21/2017,136.79,137.1,136.13,136.54,811794
4/24/2017,137.92,138.54,136.93,137.93,999605
4/25/2017,137.52,139.34,137.51,138.19,1056075
4/26/2017,138.68,139.09,137.3,137.3,1433788
4/27/2017,126.01,130.05,125.3,126.99,3780003
4/28/2017,126.96,129.68,126.68,129.13,1684245
5/1/2017,128.91,130.3,127.11,127.4,1277448
5/2/2017,126.15,127.68,125.6,127.5,1151535
5/3/2017,126.67,127.79,126.29,126.99,977805
5/4/2017,127.12,127.7,125.97,126.42,1130272
5/5/2017,126.99,128.72,126.63,128.57,1109339
5/8/2017,128.58,129.84,128.09,129.76,1222233
5/9/2017,129.98,131.49,129.52,130.84,1022485
5/10/2017,130.59,131.67,129.46,131.6,1251676
5/11/2017,131.14,131.48,129.64,129.94,977464
5/12/2017,129.63,130.25,129.08,129.16,899018
5/15/2017,129.64,131.78,129.38,131.72,1065217
5/16/2017,131.46,131.93,130.23,131.38,782459
5/17/2017,129.9,130.62,127.71,127.87,1082749
5/18/2017,126.89,128.02,124.27,125.9,1271062
5/19/2017,126.44,127.51,126.385,127.15,655583
5/22/2017,127.54,129.22,127.25,128.55,662070
5/23/2017,128.61,128.81,124.94,125.99,740931
5/24/2017,126.27,126.92,125.5301,126.85,717142
5/25/2017,127,127.8548,126.42,127.58,377124
5/26/2017,127.4,127.4,126.4,127.16,354104
5/30/2017,127.02,129.08,126.82,128,489480
5/31/2017,128.56,129,126.48,128.13,1106113
6/1/2017,128.85,130.09,128.58,130.09,721461
6/2/2017,129.84,130.39,129.06,129.31,509525
6/5/2017,129.01,130.34,128.82,129.66,580872
6/6/2017,129.35,129.935,128.8,129.52,618032
6/7/2017,129.44,129.9,126.92,127.97,879899
6/8/2017,128.24,130.99,127.7,130.83,687573
6/9/2017,130.97,131.69,128.09,129.3,675191
6/12/2017,128.19,128.94,126.98,128.68,795374
6/13/2017,128.58,130.52,128.58,130.14,553982
6/14/2017,130.74,132.2,129.03,129.78,702726
6/15/2017,129.13,130.36,128.43,129.35,574691
6/16/2017,129.76,130.19,128,129.19,845071
6/19/2017,129.84,131.07,129.59,130.63,687266
6/20/2017,130.73,131.21,128.73,128.85,590674
6/21/2017,129.29,129.94,128.53,128.99,519745
6/22/2017,129.19,129.34,127.94,128.95,488380
6/23/2017,129.61,130.65,129.1,129.99,883094
6/26/2017,130.4,130.49,128.86,129.04,325329
6/27/2017,128.69,129.47,127.74,127.8,711695
6/28/2017,128.67,129.6,127.93,128.95,602045
6/29/2017,128.76,128.8,125.96,127.32,655834
6/30/2017,127.85,127.85,126.39,127.06,683192
7/3/2017,127.75,129.32,127.08,127.81,284505
7/5/2017,128.31,129.32,127.48,128.91,468639
7/6/2017,128.19,128.76,126.75,127.15,714213
7/7/2017,127.97,129.1,127.15,127.63,612007
7/10/2017,127.26,128.309,127,127.88,500078
7/11/2017,128.09,128.76,127.07,128.65,634695
7/12/2017,129.42,129.76,128.31,129.35,953218
7/13/2017,129.55,130,127.09,128.29,842003
7/14/2017,123.54,124.32,120.1536,123.84,2142523
7/17/2017,124.32,126.83,123.61,126.58,907525
7/18/2017,125.95,126.75,125.24,126.63,568887
7/19/2017,126.94,128.04,126.78,127.64,703037
7/20/2017,127.93,128.595,126.93,127.24,542334
7/21/2017,127,127.76,126.2975,126.9,479580
7/24/2017,126.53,127.53,125.32,126.79,564127
7/25/2017,126.53,129.22,126.31,128.02,682302
7/26/2017,128.68,128.79,127.16,128.2,1315326
7/27/2017,118.25,120,115.63,119.02,3845933
7/28/2017,118.77,122.71,118.77,121.72,1458511
7/31/2017,122.15,122.15,120.01,120.75,806633
8/1/2017,121.08,121.43,119.98,121.15,863566
8/2/2017,120.07,120.25,118.97,119.08,1063292
8/3/2017,119.04,120.4,118.56,119.63,889609
8/4/2017,119.82,120.84,119.64,119.78,507471
8/7/2017,119.83,120.54,119.83,120.05,580403
8/8/2017,119.68,120.5,118.43,118.62,912332
8/9/2017,118.09,118.87,117.83,118.63,737674
8/10/2017,117.67,118.44,116.32,116.41,841613
8/11/2017,117.13,117.95,116.5,117.82,777869
8/14/2017,118.9,119.86,118.5,119.01,752025
8/15/2017,119.43,119.66,118.29,118.56,656397
8/16/2017,118.87,119.09,118.1,118.63,613482
8/17/2017,117.96,118.79,117.38,117.81,590904
8/18/2017,117.68,117.91,116.27,116.48,471347
8/21/2017,116.7,116.7,115.67,116.11,527159
8/22/2017,116.24,117.23,115.99,116.95,582159
8/23/2017,116.58,116.79,115.78,115.93,438361
8/24/2017,116.26,118.14,116.26,117.52,569811
8/25/2017,117.64,118.95,117.5,117.6,408054
8/28/2017,117.59,118.37,117.13,117.71,262832
8/29/2017,117.15,117.84,116.3423,117.74,281871
8/30/2017,117.92,119.22,117.56,118.64,478592
8/31/2017,118.34,119.74,118.09,119.38,666007
9/1/2017,119.91,119.91,118.3,118.57,379190
9/5/2017,118.16,118.47,116.12,116.45,735748
9/6/2017,116.63,116.93,115.95,116.58,887292
9/7/2017,116.93,116.96,114.93,115.66,698143
9/8/2017,115.21,115.92,114.76,115.56,490717
9/11/2017,116.25,117.99,116.25,117.55,814895
9/12/2017,117.84,119.03,117.07,117.58,669806
9/13/2017,117.31,117.31,116.15,116.54,316306
9/14/2017,116.21,117.02,116,116.91,721263
9/15/2017,116.74,117.22,116.23,116.62,1184030
9/18/2017,116.79,117.47,116.55,116.9,1061880
9/19/2017,117.5,117.63,116.43,116.76,614024
9/20/2017,116.42,117.32,115.91,116.83,651392
9/21/2017,116.84,118.2399,116.35,117.71,764618
9/22/2017,117.63,120.92,117.465,119.73,991503
9/25/2017,119.34,119.88,118.03,118.81,640198
9/26/2017,119.44,119.54,118.4,118.61,392125
9/27/2017,118.89,121.77,118.83,121.06,565153
9/28/2017,120.52,123.14,120.52,121.43,1107640
9/29/2017,122.09,122.59,120.35,120.56,798811
10/2/2017,120.81,124.03,120.81,123.72,621353
10/3/2017,122.42,122.95,117.55,117.82,1406111
10/4/2017,117.86,119.92,117.82,119.35,706020
10/5/2017,119.26,120.9,118.9,120.1,558645
10/6/2017,120.09,120.6,118.85,119,602843
10/9/2017,118.8,119.92,116.24,116.3,932636
10/10/2017,116.89,117.515,115.94,116.4,1007963
10/11/2017,116.13,116.27,114.63,115.99,893404
10/12/2017,115.4,116.69,115.04,115.69,987883
10/13/2017,115.76,116.83,115.45,116.7,989030
10/16/2017,116.82,117.05,115.66,115.79,505676
10/17/2017,116.16,116.501,115.67,116.28,609665
10/18/2017,116.3,117.13,115.67,116.74,536000
10/19/2017,116.46,117.535,115.53,117.39,371205
10/20/2017,118,119.95,117.75,119.48,828885
10/23/2017,119.46,119.53,118.14,118.27,696981
10/24/2017,118.33,119.45,118.33,119.15,641135
10/25/2017,118.67,119.89,118.08,119.31,1045701
10/26/2017,119.5,127.48,118.76,124.05,2431749
10/27/2017,124.27,126.39,120.33,121.18,1425751
10/30/2017,120.7,121.88,119.35,119.63,1272144
10/31/2017,119.95,121.48,119.41,121.27,944553
11/1/2017,120.94,121.88,119.91,120.6,993044
11/2/2017,119.52,121.66,119.51,121.01,954261
11/3/2017,120.51,121.395,119.5,119.65,835380
11/6/2017,119.6,121.41,119.6,120.2,861586
11/7/2017,120.13,120.47,119.57,120.13,610734
11/8/2017,120.21,121.8,119.66,121.34,624789
11/9/2017,120.82,122.15,120.39,120.96,794855
11/10/2017,120.6,120.935,119.61,119.71,698065
11/13/2017,119.5,121.03,119.4,120.85,503821
11/14/2017,120.4,121.48,119.77,121.22,424818
11/15/2017,120.74,121.2,119.64,119.79,436358
11/16/2017,120.8,122.165,119.53,122.06,598946
11/17/2017,121.81,123.74,121.19,123.58,573848
11/20/2017,123.58,123.95,122.12,122.54,744969
11/21/2017,123.27,123.43,121.224,122.45,756645
11/22/2017,122.41,123.14,121.59,122.02,569946
11/24/2017,122.25,123.3199,121.71,123.19,382514
11/27/2017,123.32,124.27,122.89,123.7,672170
11/28/2017,124.15,127.29,123.9,126.67,768220
11/29/2017,127.27,129.99,126.02,129.86,1118083
11/30/2017,130.21,134.5,129.16,134.2,2280060
12/1/2017,134.19,134.19,130.74,132.71,1015587
12/4/2017,133.29,134.24,132.38,132.53,919616
12/5/2017,132.63,133.46,131.99,132.6,743100
12/6/2017,132.31,132.95,130.73,131.47,675448
12/7/2017,131.28,132.32,130.83,131.83,618539
12/8/2017,132.7,132.77,131.425,132.74,525509
12/11/2017,132.54,133.22,132.03,133.15,965692
12/12/2017,133.14,136.35,132.51,135.49,1208320
12/13/2017,134.2,134.2,130.86,131,1075558
12/14/2017,131.26,131.92,130.15,130.23,728974
12/15/2017,131.16,132.5,130.17,131.06,1854154
12/18/2017,132.18,133.61,131.5,131.87,584124
12/19/2017,131.57,132.2,131.1,131.51,417250
12/20/2017,131.67,132.17,129.7,131.45,527494
12/21/2017,132.01,133.03,131.45,132.36,536965
12/22/2017,132.43,132.68,131.54,132.37,254153
12/26/2017,132.2,132.94,131.105,131.26,272195
12/27/2017,131.38,132.12,131.055,131.75,266152
12/28/2017,131.88,132.18,131.105,132.08,267215
12/29/2017,132.44,132.56,131.14,131.22,329550
1/2/2018,131.64,132.78,131.31,132.58,400836
1/3/2018,132.84,134.85,132.675,134.04,801593
1/4/2018,138.3,138.66,136.52,137.12,791122
1/5/2018,139,139.4,135.85,136.18,848604
1/8/2018,135.88,137.89,134.55,137.62,428077
1/9/2018,138.23,138.5,137.055,137.84,492138
1/10/2018,137.37,139.62,137.37,139,606069
1/11/2018,138.9,140.5,138.7,139.77,433143
1/12/2018,140.07,141.88,139.83,141.81,414789
1/16/2018,141.79,142.6,140.15,140.52,569654
1/17/2018,139,141.3,137.5,139.55,738209
1/18/2018,139.24,140,137.98,138,568261
1/19/2018,138.7,139.56,138.19,138.76,718491
1/22/2018,138.7,141.33,137.75,141.06,916819
1/23/2018,141.49,143.2159,141.08,142.59,642920
1/24/2018,142.76,143,140.82,142.13,1251158
1/25/2018,144.27,144.45,134.84,134.94,1838081
1/26/2018,136.13,139.25,136.13,138.24,2008646
1/29/2018,138.06,139.67,137.315,138.89,983072
1/30/2018,138.06,141.24,137.51,140.95,1130554
1/31/2018,140.89,144.61,140.28,144.54,1287009
2/1/2018,144.57,146,143.4,145.03,1165640
2/2/2018,142.84,145.36,142.83,144.13,1235409
2/5/2018,142.55,143.94,136.14,136.18,1287153
2/6/2018,133.58,140.07,133.14,139.73,1385675
2/7/2018,139.16,142.46,138.98,141.39,933167
2/8/2018,141.42,141.66,137.24,137.25,988641
2/9/2018,138.81,139.69,134.83,138.64,982388
2/12/2018,139.55,141.14,138.18,140.15,622824
2/13/2018,133.89,142.75,133.89,142.43,643178
2/14/2018,141.76,144.31,141.07,143.5,684950
2/15/2018,144.67,145.85,143,145.39,639532
2/16/2018,144.84,146.06,144.64,145.03,457999
2/20/2018,143.99,145.405,142.97,143.04,768392
2/21/2018,143.41,146.51,142.88,144.66,660779
2/22/2018,145.22,146.31,143.45,143.87,632707
2/23/2018,144.65,147.36,144.57,147.33,470123
2/26/2018,147.86,151.33,147.47,151.03,943998
2/27/2018,151.54,153.08,150.4725,150.84,1129617
2/28/2018,151.81,151.81,148.5,148.52,852992
3/1/2018,148.81,149.24,145.74,146.55,662974
3/2/2018,145.21,148.57,145.21,148.34,511898
3/5/2018,147.67,151.16,146.875,150.84,775985
3/6/2018,151.83,152.61,150.86,152.14,381428
3/7/2018,150.83,153.91,150.83,153.32,657639
3/8/2018,153.25,153.25,144.12,147.06,1433169
3/9/2018,148.2,149.77,145.94,147.48,919354
3/12/2018,147.98,148.29,146.28,146.78,665312
3/13/2018,147.75,148.86,146.67,147.84,801799
3/14/2018,148.54,149.36,147.3,147.92,601899
3/15/2018,148.14,149.3,146.74,148.15,622895
3/16/2018,148.24,150.21,147.41,148.18,838400
3/19/2018,147.46,148.76,145.84,146.8,515831
3/20/2018,147.11,149.32,147.11,148.9,490250
3/21/2018,149.3,151.07,148.3,149.55,591183
3/22/2018,148.24,149.43,146.24,146.27,511543
3/23/2018,147.34,147.86,144.49,144.51,598836
3/26/2018,146,147.72,144.33,147.6,590786
3/27/2018,148.4,148.97,144.26,144.96,637380
3/28/2018,144.93,145.36,142.38,142.61,518449
3/29/2018,143.59,145.26,142.07,144.61,521671
4/2/2018,143.93,144.33,139.84,140.71,723286
4/3/2018,141.95,143.05,141.06,142.34,697359
4/4/2018,140.15,143.86,138.67,143.41,729417
4/5/2018,144.23,144.8699,143.11,143.24,646215
4/6/2018,142.29,143.44,139.72,140.71,560917
4/9/2018,141.74,143.23,139.68,140.78,479847
4/10/2018,142.49,145.61,141.5276,144.94,720451
4/11/2018,144.19,146.65,144.16,145.39,507020
4/12/2018,146.6,149.1,146.39,148.35,396219
4/13/2018,153.62,157.2,153.1001,155.06,1798428
4/16/2018,156,156.3,153.98,155.25,970202
4/17/2018,155.83,161.5799,155.43,158.67,1166734
4/18/2018,159.22,159.9892,156.77,157.99,648463
4/19/2018,157.91,159.12,156.79,157.76,594361
4/20/2018,158.17,158.69,156.08,156.96,554701
4/23/2018,157.27,158.81,156.37,157.72,553667
4/24/2018,158.74,159.87,154.83,157.14,658811
4/25/2018,157.01,157.97,155.67,157.07,896943
4/26/2018,159.62,161.99,155.7,158.47,1311288
4/27/2018,159.05,161.71,158.77,160.84,758052
4/30/2018,160.84,163.48,160.5,163.09,1182204
5/1/2018,160.7,164.88,160.21,164.67,1018864
5/2/2018,162.58,166.86,162,165.72,935617
5/3/2018,164.54,168.63,164.09,168.32,1013731
5/4/2018,167.35,168.64,166.58,168.13,1114666
5/7/2018,168.52,170.21,168.01,169.2,812389
5/8/2018,170.82,170.92,168.58,169.63,808001
5/9/2018,169.94,172.41,169.45,172,770199
5/10/2018,172.99,174.26,172.12,172.76,802887
5/11/2018,172.3,172.79,170.23,171.76,653996
5/14/2018,172,173.35,170.93,172.59,472761
5/15/2018,171.99,172.27,169.82,171.2,746992
5/16/2018,170.33,171.82,169.36,171.04,695966
5/17/2018,170.18,171.92,169.46,171.14,669661
5/18/2018,170.89,172.78,170.23,172.27,687031
5/21/2018,173.29,175.54,173.29,174.41,596415
5/22/2018,175.22,176.33,173.46,173.96,589057
5/23/2018,173.22,174.7,172.72,174.57,494904
5/24/2018,174.23,174.98,172.41,173.41,420132
5/25/2018,173.57,175.21,173.31,174.8,405374
5/29/2018,173.64,174.025,171.69,172.75,558188
5/30/2018,173.86,173.86,171.73,173.16,547835
5/31/2018,173.21,174.805,171.59,173.11,1557453
6/1/2018,174.57,176.34,174.025,175.19,664999
6/4/2018,175.97,176.4366,174.52,176.19,611307
6/5/2018,176.77,178.02,176.23,177.93,535374
6/6/2018,178.09,179.03,177.41,178.82,658741
6/7/2018,179.22,179.62,175.17,176.92,564921
6/8/2018,176.41,177.33,174.98,176.8,367121
6/11/2018,177.43,177.89,176.61,176.94,523811
6/12/2018,176.58,177.7,175.725,177.57,512796
6/13/2018,177.97,180.92,177.97,179.77,557798
6/14/2018,180,181.84,179.92,181.64,660553
6/15/2018,180.99,182.75,179.25,182.5,1140555
6/18/2018,181.52,182.395,179.84,181.28,615656
6/19/2018,178.37,179.88,174.87,179.54,957113
6/20/2018,180.55,183.27,180.01,181.99,566675
6/21/2018,182.49,183.22,179.31,180.2,665435
6/22/2018,178.89,178.89,171.11,171.47,1163698
6/25/2018,170.6,171.33,168.025,170.05,916951
6/26/2018,170.65,173.39,170.32,172.48,630888
6/27/2018,172.31,173.66,170.38,170.4,581787
6/28/2018,170.25,173.61,170.03,172.98,391841
6/29/2018,173.51,175.21,172.36,172.45,439351
7/2/2018,171.3,174.56,169.6972,174.48,416762
7/3/2018,175.37,175.89,174.18,174.73,271842
7/5/2018,175.48,176.85,174.37,176.57,652694
7/6/2018,176.83,177.91,175.47,177.25,317733
7/9/2018,177.76,177.99,175.77,177.91,487065
7/10/2018,177.3,179.22,176.6528,178.62,571933
7/11/2018,176.9,176.9,170.12,174.93,942762
7/12/2018,176.08,178.38,175.79,177.35,503988
7/13/2018,177.68,178.98,174.12,176.03,662450
7/16/2018,176.64,178.47,175.11,175.68,528581
7/17/2018,174.95,177.68,174.95,176.75,614013
7/18/2018,176.73,180.11,176.7,179.45,694153
7/19/2018,173.33,174.95,169.71,171.69,961376
7/20/2018,172.46,173.82,171.58,172.38,868160
7/23/2018,171.68,173.6,170.97,172.62,657899
7/24/2018,173.66,174.78,171.65,172.46,857457
7/25/2018,173.49,175.565,172.08,175.2,855744
7/26/2018,178.99,178.99,169,177.08,1236171
7/27/2018,177.71,178.44,173.24,174.23,639128
7/30/2018,173.46,173.93,169.395,170.13,688154
7/31/2018,171.35,172.85,170.34,171.38,678709
8/1/2018,171.86,174.12,170.06,170.6,617399
8/2/2018,168.99,173.07,168.77,172.26,788608
8/3/2018,172.15,174.07,172.15,172.23,588522
8/6/2018,171.69,175.77,170.58,175.44,649904
8/7/2018,175.28,177.86,175.28,176.71,535406
8/8/2018,176.67,180,176.3,179,724407
8/9/2018,179,181.09,179,179.91,617905
8/10/2018,179.15,180.52,178.71,179.98,345154
8/13/2018,180,182.32,179.675,179.85,423698
8/14/2018,180.48,182.48,179.62,181.55,479100
8/15/2018,180.31,181.48,176,178.96,563356
8/16/2018,180.77,181.67,178.23,178.62,529189
8/17/2018,177.97,180.89,177.97,180.68,574078
8/20/2018,181.71,184.05,181.635,183.22,642949
8/21/2018,182.99,184.583,180.6775,183.67,416105
8/22/2018,183.85,185,182.84,184.82,376725
8/23/2018,184.69,186.21,183.574,185.63,419224
8/24/2018,186.37,188.62,185.7535,187.64,445936
8/27/2018,188.5,189.53,188.04,188.4,378705
8/28/2018,188.4,189.65,188.32,189.65,327967
8/29/2018,189.98,191.16,189.54,190.43,691328
8/30/2018,189.98,190.405,188.69,188.82,361769
8/31/2018,188.5,190.145,187.91,189.12,735034
9/4/2018,188.76,191.78,187.0186,190.84,535512
9/5/2018,191.37,192.92,188.37,189.72,632055
9/6/2018,189.75,191.38,189.48,190.18,377935
9/7/2018,189.39,191.11,187.57,190.11,375575
9/10/2018,191.09,191.61,190.51,191.32,457756
9/11/2018,191.92,192.21,189.41,191.11,401497
9/12/2018,191.29,191.31,189.1017,190.58,323085
9/13/2018,191.26,192.42,190.55,192.27,364509
9/14/2018,192.82,194.82,192.05,194.6,505698
9/17/2018,194.45,195.27,192.78,193.65,522956
9/18/2018,193.62,195.32,191.825,194.61,498779
9/19/2018,194.28,195.24,192.02,193.24,358447
9/20/2018,194.07,195.95,193.37,194.85,454776
9/21/2018,195.11,196.495,194.265,194.6,739954
9/24/2018,194.38,195.94,191.99,195.41,452346
9/25/2018,195.97,197.7,193.7401,196.82,480353
9/26/2018,196.5,197.59,195.155,195.4,817775
9/27/2018,195.88,198.3,195.4,196.74,495466
9/28/2018,196.43,199.71,196.29,199.42,552275
10/1/2018,193.68,195.41,188.37,190.88,1232019
10/2/2018,189.81,189.94,186.7,187.51,914232
10/3/2018,188.04,188.12,185.74,186.58,1106272
10/4/2018,185.81,187.15,181.4,182.98,795337
10/5/2018,182.74,184.96,181.9,182.66,671223
10/8/2018,182.04,182.25,177.12,179.01,784219
10/9/2018,178.8,180.645,176.37,176.83,714460
10/10/2018,175.34,175.57,169,169.19,1097447
10/11/2018,168.62,170.96,164.36,164.71,1272875
10/12/2018,167.54,169.82,166.18,167.73,938553
10/15/2018,166.75,169.26,166.75,167,782489
10/16/2018,168.89,170.05,166.974,169.67,988470
10/17/2018,170.31,171.27,168.697,170.54,873184
10/18/2018,170.36,172.59,169.15,169.88,747684
10/19/2018,170.37,172.43,165.2,165.73,849778
10/22/2018,165.9,170.7,165.9,169.22,1150098
10/23/2018,166.73,169.83,163.81,168.74,871543
10/24/2018,167.92,169.71,161.25,161.6,911888
10/25/2018,174.86,175.55,166.05,171.47,1506301
10/26/2018,168.75,172.82,166.52,170.38,1176247
10/29/2018,173.32,174.93,165.92,168.59,855889
10/30/2018,168.69,171.61,166.9241,171.44,560859
10/31/2018,174.32,178.39,172.96,175.28,1122143
11/1/2018,175.13,179.34,174.605,179.09,967117
11/2/2018,177.31,182.34,177.31,180.29,685599
11/5/2018,180.2,181.5,177.23,180.82,538048
11/6/2018,179.86,181.51,177.03,181.42,410881
11/7/2018,182.45,189.09,178.345,188.46,1002340
11/8/2018,188,190.08,187.48,189.27,697030
11/9/2018,187.62,188.865,181.3969,183.24,1012113
11/12/2018,182.55,183.24,178.64,178.91,635783
11/13/2018,178.9,180.63,176.01,176.79,608320
11/14/2018,177.91,179.07,175.53,175.84,544766
11/15/2018,175.61,179.54,174.2518,179.2,633796
11/16/2018,177.54,179.365,176.54,177.77,448507
11/19/2018,177.62,177.685,168.95,169.54,870774
11/20/2018,166.12,170.25,164.97,166.69,581254
11/21/2018,168.33,170.23,167.11,168.62,536110
11/23/2018,166.87,169.99,166.87,168.12,296769
11/26/2018,170.27,170.9,168.47,170.62,413769
11/27/2018,169.31,170.81,168.32,170.08,717410
11/28/2018,171.01,177.27,171.01,176.54,719164
11/29/2018,175.61,175.69,172.745,173.53,757867
11/30/2018,173.65,174.15,171.66,171.97,739145
12/3/2018,175.35,175.735,171.57,174.86,1268318
12/4/2018,174.5,176.7,168.96,169.55,997246
12/6/2018,165.98,171.03,164.82,170.92,758248
12/7/2018,170.93,172.4,164.265,165.32,610450
12/10/2018,164.87,168.08,163.735,167.19,654727
12/11/2018,169.95,170.65,166.3,167.29,501703
12/12/2018,169.52,173.08,168.39,170.35,699413
12/13/2018,171,172.4,168.37,169.02,773067
12/14/2018,167.85,169.32,164.85,165.44,638142
12/17/2018,164.99,165.53,162.26,163.07,1101790
12/18/2018,164.28,167.82,164.08,166.21,777576
12/19/2018,167.03,168.83,161.29,162.2,618314
12/20/2018,161.93,162.36,155.35,158.25,1060166
12/21/2018,158.77,160.76,154.33,154.62,822255
12/24/2018,153.75,155.14,150.03,150.17,713482
12/26/2018,151.38,157.38,149.8738,157.3,478327
12/27/2018,155.54,160.58,154.4,160.52,504353
12/28/2018,161.18,163.09,159.5,160.63,357566
12/31/2018,162.04,163.38,160.5,162.03,330634
1/2/2019,158.19,162.91,158.19,161.18,758741
1/3/2019,159.61,160.17,153.91,154.31,1227796
1/4/2019,156.7,160.13,156.3,159.79,805073
1/7/2019,159.95,165.47,159.64,163.82,913329
1/8/2019,165.17,166.37,161.95,164.82,634169
1/9/2019,165.91,167.32,164.82,166.04,415155
1/10/2019,163.94,166.9,163.94,165.6,554602
1/11/2019,163.75,164.625,161.35,163.73,885698
1/14/2019,161.92,163.84,161.03,162.85,729474
1/15/2019,163.42,164.25,162.22,163.18,546332
1/16/2019,163.18,165.015,161.06,161.86,757662
1/17/2019,156.9,158.305,153.55,156.42,1223450
1/18/2019,157.54,159.34,156.7,158.64,1306513
1/22/2019,155.94,159.16,153.69,157.3,921570
1/23/2019,158.34,160.76,155.85,159.64,1162655
1/24/2019,151.86,159.55,151.001,156.09,2096380
1/25/2019,157.93,159.84,156.79,158.5,746647
1/28/2019,157.15,158.81,155.52,158.75,603412
1/29/2019,159.26,159.34,157.43,157.63,462984
1/30/2019,158.03,160.4,156.525,159.64,556701
1/31/2019,159.31,161.66,159.31,160.95,843795
2/1/2019,160.79,161.9,160,160.72,667314
2/4/2019,159.5,163.12,159.5,162.84,531970
2/5/2019,162.96,163.91,162.25,162.41,371114
2/6/2019,162.24,164.46,162.17,163.96,389712
2/7/2019,162.67,163.214,158.7,159.71,416614
2/8/2019,158.83,161.19,157.88,160.92,700603
2/11/2019,161.31,163.24,161.1,163.1,384639
2/12/2019,163.63,166.52,163.6,165.1,430231
2/13/2019,165.93,166.97,165.23,166.75,532833
2/14/2019,166.38,169.89,165.51,168.74,715407
2/15/2019,169.18,171.71,168.5,171.28,660545
2/19/2019,170.68,171.27,169.34,169.81,704078
2/20/2019,169.94,170.45,167.58,168.18,573981
2/21/2019,168.27,170.04,167.19,169.82,438653
2/22/2019,170.64,172.14,170.26,172.08,349846
2/25/2019,173.19,173.44,171.42,171.59,684717
2/26/2019,171.6,172.67,171.06,171.82,453112
2/27/2019,171.46,171.78,169.89,171.38,272872
2/28/2019,171.25,171.45,167.92,168.14,706662
3/1/2019,167.6,168.33,165.42,166.53,756740
3/4/2019,166.97,167.29,161.71,163.29,553662
3/5/2019,163.24,163.4,161.97,162.15,511265
3/6/2019,161.92,162.14,159.95,161.08,526989
3/7/2019,160.63,161.245,157.91,158.99,783179
3/8/2019,157.59,158.08,155.66,157.99,610530
3/11/2019,158.61,162.16,158.61,162.09,563358
3/12/2019,153.64,154.7,148.905,149.65,2278495
3/13/2019,149.78,153.12,149.15,151.75,1252421
3/14/2019,152.99,154.68,152.18,153.18,556680
3/15/2019,153.57,155.12,153.48,153.69,908832
3/18/2019,153.56,154.99,152.98,154.36,514386
3/19/2019,155.33,156.15,153.7,154.26,639629
3/20/2019,153.79,154.34,151.4,153.49,431330
3/21/2019,153.49,156.55,153.49,155.83,471564
3/22/2019,155.54,156.49,152.09,152.24,604534
3/25/2019,151.7,152.62,150.14,151.14,401205
3/26/2019,152.5,153.85,152.155,152.86,662190
3/27/2019,152.62,154.29,150.51,152.06,514710
3/28/2019,152.41,154.42,151.23,153.71,488387
3/29/2019,156.73,157.35,155.01,156.93,772035
4/1/2019,163.8,163.8,158.355,161.47,1002501
4/2/2019,161.47,165.89,158.4144,165.32,892399
4/3/2019,167.27,168.3,165.82,166.71,613276
4/4/2019,166.72,167.44,164.32,166,526575
4/5/2019,166.6,167.43,165.81,167.33,499066
4/8/2019,167.05,167.91,165.43,167.88,308822
4/9/2019,167.53,167.86,165.27,165.66,583275
4/10/2019,165.43,168.19,164.98,168.15,564958
4/11/2019,168.42,168.84,166.66,167.29,354220
4/12/2019,168.29,168.69,166.75,167.01,639476
4/15/2019,166.82,167.47,164.76,166.61,588333
4/16/2019,167.26,167.39,165.54,166.12,465600
4/17/2019,165.18,167,164.28,164.45,593408
4/18/2019,164.34,164.85,162.04,163.4,659628
4/22/2019,163.4,163.97,162.5,163.75,450197
4/23/2019,163.4,164.53,162.24,163.95,594866
4/24/2019,163.95,166.635,163.75,164.25,868272
4/25/2019,156.55,168.94,156,162.47,1031303
4/26/2019,161.89,163.23,159.54,159.87,499590
4/29/2019,160.26,160.625,158.56,159.1,363645
4/30/2019,158.8,158.91,156.43,156.9,504842
5/1/2019,157,157,152.2,152.26,835710
5/2/2019,151.58,154.445,150.37,152.32,557791
5/3/2019,152.74,155.17,152.2,154.37,585888
5/6/2019,151,153.29,150.295,152.93,521388
5/7/2019,150.91,152.28,150.01,151.67,604225
5/8/2019,151,151.92,149.35,149.62,516515
5/9/2019,147.95,148.411,145.44,146.83,497669
5/10/2019,146.18,148.77,143.52,148.57,675205
5/13/2019,144.78,145.89,141.05,143.45,842474
5/14/2019,143.61,143.9575,141.91,141.97,634307
5/15/2019,141.23,143.21,140.63,142.99,465511
5/16/2019,143.2,144.62,142.44,142.61,581439
5/17/2019,141.01,142.44,139.85,140.22,690722
5/20/2019,138.91,139.75,138.03,139.52,786918
5/21/2019,140.61,142.27,140.61,141.38,740886
5/22/2019,141.58,141.745,140.19,140.31,492366
5/23/2019,138.97,139.26,136.65,137.4,1080832
5/24/2019,138.26,139.09,135.79,136.94,644681
5/28/2019,137.85,138.71,135.72,136.64,1217934
5/29/2019,136.16,137.76,135.04,137.43,582425
5/30/2019,137.64,138.4295,135.855,136.03,608787
5/31/2019,134.92,134.92,131.53,132.08,697429
6/3/2019,132.13,134.83,132.13,134.35,877122
6/4/2019,136,137.35,135.05,136.73,835205
6/5/2019,138.23,138.28,136.465,138.05,669168
6/6/2019,137.86,139.71,136.91,138.63,566986
6/7/2019,139.42,141.41,138.968,140.43,595784
6/10/2019,141.75,143.2,141.6,142.61,446423
6/11/2019,143.47,145.165,141.74,141.97,505491
6/12/2019,142.14,143.09,141.76,142.74,439302
6/13/2019,143.53,145.2,142.84,145.13,662115
6/14/2019,140.45,142.33,135.13,136.93,1187544
6/17/2019,136.94,139.7,135.67,138.81,860423
6/18/2019,140.32,144.26,139.93,141.01,573850
6/19/2019,141.99,142.01,140.3,141.44,554121
6/20/2019,142.89,142.96,140.78,142.29,1032153
6/21/2019,142.21,143.86,140.78,143.73,1869456
6/24/2019,144.08,144.86,142.69,143.16,752695
6/25/2019,143.36,144.26,140.84,141.02,474444
6/26/2019,142.3,143.59,141.84,142.63,480287
6/27/2019,143.04,143.9253,142.61,143.05,405988
6/28/2019,144.04,146.09,143.64,145.63,1135394
7/1/2019,147.88,148.885,146.28,148.12,523792
7/2/2019,148.14,148.44,144.6819,146.38,541089
7/3/2019,147.15,149.32,146.85,147.8,525275
7/5/2019,147.02,147.95,146.11,147.66,402127
7/8/2019,139.83,142.3,138.7837,142.01,963465
7/9/2019,141.13,142.77,140.47,142.68,871594
7/10/2019,143.57,145.19,141.05,141.57,761468
7/11/2019,141.73,143.81,141.06,142.76,772015
7/12/2019,143.18,146.44,143.18,145.56,482145
7/15/2019,146.5,146.9975,144.57,146.08,406302
7/16/2019,145.97,146.98,145.2,146.52,646052
7/17/2019,147.03,147.595,144.88,144.97,533729
7/18/2019,144.95,146.25,144.05,145.59,606845
7/19/2019,146.85,149.09,146,147.97,623745
7/22/2019,148,148,145.35,145.62,881342
7/23/2019,147.06,148,145.12,147.64,507046
7/24/2019,147.83,148.76,146.925,148.67,945534
7/25/2019,146.02,149.14,142.32,147.69,2056290
7/26/2019,148.22,153.99,147.6,153.81,1241475
7/29/2019,153.35,153.52,150.0168,152.25,778913
7/30/2019,151.02,151.545,148.99,149.88,548759
7/31/2019,150.27,150.27,146.04,146.72,726976
8/1/2019,146.71,149.72,144.45,144.76,846591
8/2/2019,142.73,143.01,138.16,139.04,836931
8/5/2019,136.69,137.195,133.58,134.61,679027
8/6/2019,135.94,136.27,133.15,136.12,810255
8/7/2019,133.7,135.2113,131.32,134,703844
8/8/2019,135.69,137.91,135.17,137.41,655676
8/9/2019,136.43,136.58,133.14,133.44,679148
8/12/2019,133.07,133.07,130.25,130.48,591696
8/13/2019,129.54,133.75,129.158,131.61,615449
8/14/2019,129.69,129.69,125.35,127.63,928017
8/15/2019,127.19,127.42,125.215,126.17,656200
8/16/2019,126.97,129.45,126.48,128.74,625562
8/19/2019,131.02,132.31,129.6,129.68,579078
8/20/2019,129.41,129.41,126.65,127.12,568364
8/21/2019,128.71,130.52,127.66,129.38,415560
8/22/2019,129.87,130.31,128.84,129.35,448904
8/23/2019,129,129.48,123.91,124.39,732998
8/26/2019,126.12,126.12,124.25,125.14,485719
8/27/2019,126.08,126.28,121.8,122.07,916504
8/28/2019,122.07,124.59,121.36,124.21,693418
8/29/2019,126.06,129.35,126.06,128.12,760925
8/30/2019,128.61,129.23,127.73,128.73,551264
9/3/2019,127.7,128.64,126.71,128.08,801507
9/4/2019,130.08,130.4,126.5101,127.87,806833
9/5/2019,130.23,132.835,128.24,131.27,737398
9/6/2019,131.9,133.22,131.13,132.96,438095
9/9/2019,136.35,136.71,133.86,134.73,772986
9/10/2019,134.91,140.95,134.095,140.88,686403
9/11/2019,141.14,142.59,139.41,142.32,506926
9/12/2019,142.43,142.99,139.88,141.29,458922
9/13/2019,141.01,142.3331,139.7,139.83,406948
9/16/2019,139.36,141.52,139.36,140.61,412718
9/17/2019,139.55,140.09,135.75,139.03,481335
9/18/2019,138.71,140,137.54,138.77,575999
9/19/2019,139.03,140.13,137.8,138.2,449137
9/20/2019,138.63,139.08,136.59,137.14,684324
9/23/2019,136.54,139.32,136.54,139.06,741996
9/24/2019,139.61,139.74,136.94,137.68,404168
9/25/2019,137.69,140.395,137.62,140.18,473572
9/26/2019,140.09,140.09,138.025,139.74,326029
9/27/2019,140.08,141.83,139.12,139.71,348571
9/30/2019,140.5,141.17,139.4737,140.42,420829
10/1/2019,140.7,141.88,132.99,135.62,907978
10/2/2019,134.01,134.46,131.59,132.08,565226
10/3/2019,131.98,133.46,129.02,132.84,707685
10/4/2019,133.77,134.59,131.37,132.96,736889
10/7/2019,133.01,134.31,131.01,133.3,604524
10/8/2019,131.97,131.97,129.58,129.97,486174
10/9/2019,131.62,132.665,130.245,131.95,380453
10/10/2019,131.46,133.82,128.51,132.45,356587
10/11/2019,134.74,138.26,134.21,135.67,533547
10/14/2019,135.25,136.04,133.935,135.4,298703
10/15/2019,135.39,136.87,134.63,135.4,472744
10/16/2019,135.73,136.63,134.57,136.31,581543
10/17/2019,136.86,137.75,135.99,137.17,315920
10/18/2019,137.13,138.04,136.02,137.69,478650
10/21/2019,138.65,139.48,137.77,137.84,557718
10/22/2019,138.66,140.44,137.84,139.1,474124
10/23/2019,138.67,139.44,137.31,138.32,853392
10/24/2019,150,153,145.86,145.94,2166778
10/25/2019,144.56,146.61,141.65,143.55,1186382
10/28/2019,144.25,145.56,142.16,143.03,411274
10/29/2019,141.68,143.69,141.04,143.53,498498
10/30/2019,143.97,144.43,140.58,143.77,650413
10/31/2019,143.1,144.68,142.45,144.08,557850
11/1/2019,143.55,146.355,143.0331,146.1,535571
11/4/2019,145.71,148.37,145.63,146.43,585800
11/5/2019,146.48,147.43,145.96,146.38,551970
11/6/2019,146.31,149.75,144.54,147.91,786215
11/7/2019,148.58,149.515,147.25,147.62,471115
11/8/2019,147.9,148.76,147.06,148.41,361218
11/11/2019,147.21,148.14,146.265,147.69,260873
11/12/2019,147.5,147.5,145.55,146.41,368307
11/13/2019,145.87,147.27,144.95,146.29,343159
11/14/2019,144.53,145.34,142.77,144.305,420389
11/15/2019,144.57,145.73,143.54,145.46,324983
11/18/2019,144.99,144.99,142.72,143.77,525713
11/19/2019,145,145,143.11,144.29,401568
11/20/2019,143.3,144.92,142.3,143.56,522206
11/21/2019,143.44,143.6,141.82,142.6,599804
11/22/2019,143.56,143.56,141.62,142.84,367801
11/25/2019,143.08,146.09,142.39,145.88,728512
11/26/2019,145.28,146.2,144.491,145.31,1822413
11/27/2019,146,146.8,144.9001,145.63,586624
11/29/2019,145.45,146.195,144.92,145.71,290061
12/2/2019,145.7,146.16,143.82,144.49,583722
12/3/2019,144.23,144.53,141.62,144.42,1020425
12/4/2019,144.75,146.71,143.56,143.58,598002
12/5/2019,137.44,138.445,134.61,137.96,1597661
12/6/2019,138.57,139.54,135.94,138,882731
12/9/2019,138.32,138.68,137.24,137.28,458873
12/10/2019,138.1,138.64,136.79,137.88,777698
12/11/2019,138.4,140.87,138.16,140.82,678871
12/12/2019,141.2,143.93,140.59,143.46,632574
12/13/2019,142.54,143.06,138.99,139.25,975129
12/16/2019,140.82,140.82,138.26,138.7,695549
12/17/2019,139.32,142.27,138,141.22,833930
12/18/2019,141.43,141.99,139.57,140.35,910628
12/19/2019,140.68,144.04,140.68,143.69,668941
12/20/2019,132.5,139,132.5,138.32,2012635
12/23/2019,138.57,140.17,137.876,139.04,571178
12/24/2019,139.6,139.77,138.24,138.59,134241
12/26/2019,138.89,139.94,137.79,139.08,313359
12/27/2019,139.18,139.94,138.33,139.17,354883
12/30/2019,139.04,140.31,138.28,139.29,266288
12/31/2019,138.87,140.55,138.75,139.65,333402
1/2/2020,140.42,141.31,139.74,140.76,592211
1/3/2020,139.81,140.95,138.55,140,420551
1/6/2020,138.8,139.68,137.59,138.25,558663
1/7/2020,137.66,138.08,136.64,136.99,463563
1/8/2020,137.54,137.81,135.98,136.44,571429
1/9/2020,137.36,137.36,134.65,135.99,532755
1/10/2020,136.51,136.79,134.83,135.15,357162
1/13/2020,135.44,136.84,135.27,136.2,475340
1/14/2020,136.15,137.12,134.4,136.1,659025
1/15/2020,135.89,137.355,135.42,136.12,373407
1/16/2020,137.03,138.74,136.93,138.68,447167
1/17/2020,139.24,139.5,136.75,137,538241
1/21/2020,136.49,136.88,134.69,135.04,776722
1/22/2020,135.57,136.09,132.27,132.28,806324
1/23/2020,132.24,134.17,132,133.96,1126090
1/24/2020,134.41,136.08,134.1,135.82,678689
1/27/2020,133.84,134.09,131.09,132.7,1663581
1/28/2020,125.04,131.31,124.53,126,2583196
1/29/2020,126.48,128.63,125.22,125.66,1033305
1/30/2020,124.43,126.19,123.11,125.12,732572
1/31/2020,125.08,125.36,121.88,122.12,890234
2/3/2020,121.19,123.01,121.19,121.77,822191
2/4/2020,123.35,125.07,122.61,123.3,676634
2/5/2020,124.88,126,123.85,125.23,707400
2/6/2020,125.82,125.82,123.29,123.6,673398
2/7/2020,123.36,123.69,121.54,123.58,600895
2/10/2020,125.5,126.94,123.52,126.91,814847
2/11/2020,127.03,127.835,125.41,126.09,745133
2/12/2020,126.72,128.88,125.92,126.71,517902
2/13/2020,125.48,128.5,125.05,128.22,535972
2/14/2020,127.75,127.96,126.62,127.51,453833
2/18/2020,127.32,128.31,126.89,127.7,645579
2/19/2020,127.93,130.41,127.66,129.75,592661
2/20/2020,129.5,133.08,129.2745,132.85,653062
2/21/2020,132.16,133.43,130.68,133.36,601776
2/24/2020,129.52,131.6278,129,130.26,856201
2/25/2020,131.24,131.24,125.02,126.79,941794
2/26/2020,127.97,129.38,126.06,126.45,609315
2/27/2020,124.33,128.05,122,122.8,910407
2/28/2020,120.52,122.9698,117.82,119.95,1175495
3/2/2020,119.89,121.47,115.15,120.04,1189177
3/3/2020,119.6,121.795,114.25,116.13,947044
3/4/2020,118.12,122.56,115.09,122.4,1252898
3/5/2020,119.77,121.58,117.24,118.8,959391
3/6/2020,115.78,120.5,115.45,119.64,1134420
3/9/2020,114,119.64,110.33,111.69,1282404
3/10/2020,114.58,118.04,111.78,117.88,1108722
3/11/2020,114.73,115.59,107.18,107.8,1026412
3/12/2020,101.09,104.56,96.61,98.33,1193390
3/13/2020,103.22,105.78,98.19,105.7,1397917
3/16/2020,95.17,100.06,94.2401,95.66,799661
3/17/2020,97.34,97.58,87.16,93.13,1266909
3/18/2020,88.75,93.83,79.78,90.55,1124297
3/19/2020,89.06,101.235,86.51,98.33,1127792
3/20/2020,99.49,104.99,96.68,100.14,1193594
3/23/2020,100.77,105.36,97.63,98.65,1101099
3/24/2020,101.91,104.38,96.77,102.71,1313430
3/25/2020,103.43,108.3,99.79,105.29,1121674
3/26/2020,105.18,115.35,104.015,114.05,1043718
3/27/2020,109.94,113.905,105.6019,110.8,926394
3/30/2020,111.71,113.1,107.63,109.81,782006
3/31/2020,109.32,111.475,106.17,106.63,692697
4/1/2020,103.78,104.75,101.4207,103.73,665549
4/2/2020,102.99,108.27,102.905,107.12,930737
4/3/2020,104.69,108.42,104.69,107.3,745479
4/6/2020,110.52,113.92,109.05,112.69,951143
4/7/2020,115.99,119.865,115.15,116.76,1290297
4/8/2020,118.73,121.67,117.277,120.9,648518
4/9/2020,122.72,127,122,125.39,873115
4/13/2020,123.83,125.24,120.245,120.7,691667
4/14/2020,121.73,124.24,121.73,122.98,765624
4/15/2020,120.37,121.82,119.94,120.42,571143
4/16/2020,119.3,123.17,117.87,122.315,784806
4/17/2020,125.11,128.12,123.22,124.11,2128342
4/20/2020,120.78,124.49,120.51,122.66,850332
4/21/2020,121.02,121.22,118.615,119.84,676369
4/22/2020,122.35,124,120.09,123.21,655282
4/23/2020,122.98,125.56,122.595,124.02,889643
4/24/2020,124.99,127.557,124.02,127.32,843762
4/27/2020,128.4,132.24,127.5,130.92,1235717
4/28/2020,147.85,153.56,140.1,140.86,4532950
4/29/2020,141.99,145.875,141.59,142.69,1561327
4/30/2020,141.78,143.39,139.15,139.26,1027415
5/1/2020,134.43,137.98,134.24,135.3,874221
5/4/2020,132.14,135.49,132.06,135.4,849979
5/5/2020,135.73,137.35,135.64,136.52,939674
5/6/2020,137.27,143.03,136.88,141.8,1068417
5/7/2020,142.17,143.89,141.39,142.71,582318
5/8/2020,143.84,149.1,143.43,149.02,847103
5/11/2020,148.19,149.29,147.21,148.47,610216
5/12/2020,148.7,149.38,140.41,140.41,964970
5/13/2020,139.43,140.98,136.1,137.03,701206
5/14/2020,136,138,135.06,137.12,727782
5/15/2020,136.86,140.71,135.8,138.73,1546529
5/18/2020,141.51,142.65,140.44,141.17,629998
5/19/2020,141.81,141.97,138.77,138.93,491012
5/20/2020,139.97,142.27,139.75,140.38,566995
5/21/2020,140.33,140.7,137.06,137.14,490168
5/22/2020,136.96,137.59,134.93,137.31,880888
5/26/2020,141.14,141.76,138.01,139.11,807554
5/27/2020,139.93,145.39,139.19,145.27,994586
5/28/2020,145.47,146,142.21,142.25,544412
5/29/2020,143.53,145.14,140.81,144.92,922498
6/1/2020,144.74,146.48,142.42,145.82,710083
6/2/2020,146.63,147.37,144.49,146.54,585374
6/3/2020,145.92,147.43,145.4522,146.09,549622
6/4/2020,146.09,146.09,141.215,142.89,934068
6/5/2020,144.11,146.945,143.72,145.14,456113
6/8/2020,145.86,147.64,144.84,146.28,536695
6/9/2020,145.74,146,143.82,143.92,387536
6/10/2020,144.76,147.83,142.63,146.02,700275
6/11/2020,144.03,144.03,137.46,137.51,777858
6/12/2020,140.61,142.64,137.54,140.32,544578
6/15/2020,137.32,141.25,136.3533,140,457869
6/16/2020,144.64,145.2,140.02,141.78,714561
6/17/2020,142.6,142.6,140.04,140.19,597711
6/18/2020,140.15,140.15,138.34,138.58,533022
6/19/2020,140.21,141.2,134.465,136.65,1064629
6/22/2020,135.85,139.05,134.585,136.9,1135437
6/23/2020,137.66,138.76,135.96,136.36,504782
6/24/2020,134.74,135.97,133.48,135.01,1164108
